"refstation_no","sample_no","latitude","longitude","location"
9001,1,6951.96,1532.38,""
2,2,7121.02133,2223.8745,"FINNMARK VEST - Tromsøflaket"
3,3,7119.65133,2225.41583,"FINNMARK VEST - Tromsøflaket"
4,4,7119.43333,2228.96667,"FINNMARK VEST - Tromsøflaket"
5,5,7117.48333,2232.41717,"FINNMARK VEST - Tromsøflaket"
6,6,7116.30491,2219.3185,"FINNMARK VEST - Tromsøflaket"
7,7,7119.11767,2211.96367,"FINNMARK VEST - Tromsøflaket"
8,8,7116.769,2207.81367,"FINNMARK VEST - Tromsøflaket"
9,9,7115.47283,2155.8365,"TROMS I - Tromsøflaket"
9,10,7115.47067,2155.83683,"TROMS I - Tromsøflaket"
10,11,7112.41017,2125.90533,"TROMS I - Tromsøflaket"
11,12,7113.333,2142.1384,"TROMS I - Tromsøflaket"
12,13,7109.672,2155.1496,"TROMS I - Tromsøflaket"
13,14,7106.547,2144.907,"TROMS I - Tromsøflaket"
14,15,7107.43617,2126.54383,"TROMS I - Tromsøflaket"
15,16,7103.91717,2121.5635,"TROMS I - Tromsøflaket"
16,17,7112.3695,2116.08183,"TROMS I - Tromsøflaket"
17,18,7115.61594,2110.6807,"TROMS I - Tromsøflaket"
18,19,7118.62755,2116.4774,"TROMS I - Tromsøflaket"
19,20,7111.59511,2059.0208,"TROMS I - Tromsøflaket"
20,21,7112.29231,2047.6471,"TROMS I - Tromsøflaket"
21,22,7112.5831,2037.8169,"TROMS I - Tromsøflaket"
22,23,7101.99824,2151.5843,"TROMS I - Tromsøflaket"
23,24,7057.71869,2155.5651,"TROMS III - Tromsøflaket"
24,25,7116.59864,2235.9587,"FINNMARK VEST - Tromsøflaket"
25,26,7114.25817,2225.4588,"FINNMARK VEST - Tromsøflaket"
26,27,7112.23081,2215.2702,"FINNMARK VEST - Tromsøflaket"
26,28,7112.23612,2216.0396,"FINNMARK VEST - Tromsøflaket"
27,29,7110.30522,2159.3324,"TROMS I - Tromsøflaket"
28,30,7112.17624,2156.1125,"TROMS I - Tromsøflaket"
29,31,7113.74479,2201.6321,"FINNMARK VEST - Tromsøflaket"
30,32,7117.64058,2224.32,"FINNMARK VEST - Tromsøflaket"
31,33,7115.01279,2216.3817,"FINNMARK VEST - Tromsøflaket"
32,34,7111.7846,2208.9688,"FINNMARK VEST - Tromsøflaket"
33,35,7026.16343,2156.9076,"Loppa"
34,36,7026.58059,2139.2396,"Loppa"
34,37,7025.78115,2139.3456,"Loppa"
35,38,7014.06327,2242.0335,"Stjernsundet"
36,39,7016.53633,2229.5192,"Stjernsundet"
36,40,7016.67032,2228.3882,"Stjernsundet"
37,41,7018.94178,2214.9746,"Stjernsundet"
38,42,7028.92545,2252.1479,"Sørøysundet"
39,43,7031.84317,2302.4486,"Sørøysundet"
40,44,7025.52823,2245.1394,"Sørøysundet"
41,45,7027.00395,2240.674,"Sørøysundet"
42,46,7021.35547,2212.028,"Sørøysundet"
43,47,7023.2125,2215.8279,"Sørøysundet"
44,48,7027.42283,2220.4202,"Sørøysundet"
45,49,7053.26852,2148.1615,"TROMS III - Tromsøflaket"
46,50,7055.36021,2142.4436,"TROMS III - Tromsøflaket"
47,51,7102.62621,2134.7363,"TROMS I - Tromsøflaket"
48,52,7037.17242,2317.7299,"Sørøysundet"
1,53,7027.10973,2139.6877,"Loppa"
49,54,7025.0695,2204.3569,"Sørøysundet"
50,55,7120.64475,2030.9154,"TROMS I - Tromsøflaket"
51,56,7119.91826,2025.0099,"TROMS I - Tromsøflaket"
52,57,7117.47598,2034.5435,"TROMS I - Tromsøflaket"
53,58,7113.55968,2038.6381,"TROMS I - Tromsøflaket"
54,59,7116.74167,2039.9947,"TROMS I - Tromsøflaket"
55,60,7113.4176,2053.9873,"TROMS I - Tromsøflaket"
56,61,7114.95505,2103.4891,"TROMS I - Tromsøflaket"
57,62,7109.53309,2106.4242,"TROMS I - Tromsøflaket"
58,63,7105.68007,2052.4838,"TROMS I - Tromsøflaket"
59,64,7104.09512,2102.7537,"TROMS I - Tromsøflaket"
60,65,7110.13376,2114.7802,"TROMS I - Tromsøflaket"
61,66,7108.53428,2055.477,"TROMS I - Tromsøflaket"
62,67,7111.89997,2123.9657,"TROMS I - Tromsøflaket"
63,68,7059.78558,2127.6236,"TROMS III - Tromsøflaket"
64,69,7058.6752,2143.293,"TROMS III - Tromsøflaket"
65,70,7057.92354,2148.4264,"TROMS III - Tromsøflaket"
66,71,7057.37658,2202.4037,"TROMS III - Tromsøflaket"
67,72,7109.22007,2150.0006,"TROMS I - Tromsøflaket"
68,73,7119.36592,2229.3125,"FINNMARK VEST - Tromsøflaket"
68,74,7119.0281,2230.3076,"FINNMARK VEST - Tromsøflaket"
69,75,7111.73979,2147.8778,"TROMS I - Tromsøflaket"
70,76,7109.19124,2137.7493,"TROMS I - Tromsøflaket"
71,77,7109.09165,2131.5706,"TROMS I - Tromsøflaket"
72,78,7102.42705,2147.2481,"TROMS I - Tromsøflaket"
73,79,7015.86,2228.9,"Stjernsundet"
74,80,7000.99,2040.33,"Lyngenfjorden"
75,81,6958.65,2041.9,"Lyngenfjorden"
76,82,6954.9,2029.75,"Lyngenfjorden"
77,83,6957.6,2025.82,"Lyngenfjorden"
78,84,6944.98,2024.89,"Lyngenfjorden"
79,85,6942.358,2022.276,"Lyngenfjorden"
76,86,6954.9,2029.94,"Lyngenfjorden"
76,87,6954.9,2029.67,"Lyngenfjorden"
76,88,6954.9,2029.58,"Lyngenfjorden"
80,89,6939.72,2025.991,"Lyngenfjorden"
81,90,7109.5,1839.08,"TROMS I - Tromsøflaket"
82,91,7110.11,1829.9,"TROMS I - Tromsøflaket"
83,92,7001.22,2015.13,"Lyngenfjorden"
84,93,7004.89,2020.02,"Lyngenfjorden"
85,94,7007.89,2021.09,"Lyngenfjorden"
85,95,7008.01,2020.87,"Lyngenfjorden"
76,96,6954.91,2029.59,"Lyngenfjorden"
76,97,6954.9,2029.71,"Lyngenfjorden"
76,98,6954.9,2029.7,"Lyngenfjorden"
86,99,6949.68,2045.28,"Lyngenfjorden"
73,100,7015.83,2228.89,"Stjernsundet"
73,101,7015.97,2228.73,"Stjernsundet"
73,102,7016.3,2229.04,"Stjernsundet"
87,103,7118,2020.2,"TROMS I - Tromsøflaket"
88,104,7112.66,2018.22,"TROMS I - Tromsøflaket"
89,105,7106.9,2046.5,"TROMS I - Tromsøflaket"
90,106,7058.88,2024.08,"TROMS III - Tromsøflaket"
91,107,7056.14,2007.88,"TROMS III - Tromsøflaket"
92,108,7103.89,1934.19,"TROMS I - Tromsøflaket"
93,109,7110.91,1833.81,"TROMS I - Tromsøflaket"
94,110,7111.47,1825.79,"TROMS I - Tromsøflaket"
95,111,7112.3,1828.84,"TROMS I - Tromsøflaket"
96,112,7007.85,1809.8,"TROMS II"
97,113,7007.49,1804.84,"TROMS II"
98,114,7008.29,1806.72,"TROMS II"
99,115,7009.54,1808.56,"TROMS II"
100,116,7008.8,1800.98,"TROMS II"
101,117,7007.86,1755.94,"TROMS II"
102,118,7010.14,1751.78,"TROMS II"
103,119,7007.72,1747.83,"TROMS II"
104,120,7011.57,1743.7,"TROMS II"
105,121,7005.34,1725.93,"TROMS II"
106,122,7001.23,1740.82,"TROMS II"
107,123,7001.01,1754.93,"TROMS II"
108,124,7006.183,1706.712,"TROMS II - Malangsgrunnen vest"
109,125,6944.79,1840.33,"Kaldfjord"
110,126,6946.73,1841.37,"Kaldfjord"
111,127,6947.82,1737.27,"TROMS II - Malangsdypet"
112,128,6948.88,1725.32,"TROMS II - Malangsdypet"
113,129,6951.45,1729.47,"TROMS II - Malangsdypet"
114,130,6947,1839.95,"Kaldfjord"
115,131,6947.54,1840.33,"Kaldfjord"
116,132,6952.94,1715.11,"TROMS II - Malangsgrunnen"
117,133,6951.44,1707.83,"TROMS II - Malangsdypet"
118,134,6955.15,1719.53,"TROMS II - Malangsgrunnen"
119,135,6953.42,1732.67,"TROMS II - Malangsgrunnen"
120,136,6953.43,1739.87,"TROMS II - Malangsgrunnen"
121,137,6957.79,1734.18,"TROMS II - Malangsgrunnen"
122,138,7003.37,1709.6,"TROMS II - Malangsgrunnen"
108,139,7006.12,1706.69,"TROMS II - Malangsgrunnen vest"
123,140,7009.63,1740.28,"TROMS II - Muledypet"
124,141,7013.81,1752.87,"TROMS II - Fugløybanken"
125,142,7004.53,1754.7,"TROMS II - Malangsgrunnen"
126,143,6944.43,1726.94,"TROMS II - Sveinsgrunnen"
127,144,6946.46,1717.38,"TROMS II - Sveinsgrunnen"
128,145,6944.22,1711.57,"TROMS II - Sveinsgrunnen"
129,146,6945.4767,1705.1765,"TROMS II - Sveinsgrunnen"
130,147,6946.38,1658.48,"TROMS II - Sveinsgrunnen"
131,148,6945.44,1659.87,"TROMS II - Sveinsgrunnen"
132,149,6942.18,1649.68,"TROMS II - Sveinsgrunnen"
133,150,6939.98,1659.59,"TROMS II - Sveinsgrunnen"
134,151,6938.31,1656.26,"TROMS II - Sveinsgrunnen"
135,152,6934.86,1648.69,"TROMS II - Sveinsgrunnen"
136,153,6936.05,1633.65,"TROMS II - Sveinsgrunnen"
137,154,6935.9,1618,"TROMS II - Sveinsgrunnen"
138,155,6931.24,1631.61,"TROMS II - Sveinsgrunnen"
139,156,6930.55,1636.21,"TROMS II - Sveinsgrunnen"
140,157,6928.88,1611.2,"NORDLAND VII - Andfjorden yttre"
141,158,6930.98,1556.44,"NORDLAND VII - Andfjorden yttre"
142,159,6926.13,1553.59,"NORDLAND VII - Andfjorden yttre"
143,160,6924.98,1559.7,"NORDLAND VII - Andfjorden yttre"
144,161,6923.34,1550.66,"NORDLAND VII - Bleiksdjupet"
145,162,6924.06,1548.02,"NORDLAND VII - Bleiksdjupet"
146,163,6923.58,1546.14,"NORDLAND VII - Bleiksdjupet"
147,164,6923.42,1547.3,"NORDLAND VII - Bleiksdjupet"
148,165,6925.95,1546.49,"NORDLAND VII - Bleiksdjupet"
149,166,6926.26,1548.23,"NORDLAND VII - Bleiksdjupet"
150,167,6926.6,1548.23,"NORDLAND VII - Bleiksdjupet"
151,168,6926.35,1545.77,"NORDLAND VII - Bleiksdjupet"
152,169,6922.53,1546.31,"NORDLAND VII - Bleiksdjupet"
153,170,6916.49,1613.86,"Andfjorden"
154,171,6911.1,1612.75,"Andfjorden"
155,172,6912.52,1629.28,"Andfjorden"
156,173,6907.49,1619.75,"Andfjorden"
157,174,6854.6,1419.34,"NORDLAND VII - Hola"
158,175,6856.71,1418.74,"NORDLAND VII - Hola"
159,176,6856.71,1419.49,"NORDLAND VII - Hola"
160,177,6855.8163,1422.426,"NORDLAND VII - Hola"
160,178,6855.9,1422.75,"NORDLAND VII - Hola"
161,179,6856.79,1413.11,"NORDLAND VII - Hola"
161,180,6857.15,1412.59,"NORDLAND VII - Hola"
162,181,6853.72,1425.32,"NORDLAND VII - Hola"
163,182,6853.94,1425.92,"NORDLAND VII - Hola"
164,183,6855.3,1416.94,"NORDLAND VII - Hola"
165,184,6854.74,1423.23,"NORDLAND VII - Hola"
166,185,6857.06,1417.69,"NORDLAND VII - Hola"
167,186,6856.46,1419.61,"NORDLAND VII - Hola"
168,187,6856.58,1423.12,"NORDLAND VII - Hola"
170,188,6857.7844,1430.2419,"NORDLAND VII - Hola"
171,189,6854.76,1425.36,"NORDLAND VII - Hola"
164,190,6855.02,1416.82,"NORDLAND VII - Hola"
172,191,6859.5,1420.41,"NORDLAND VII - Hola"
173,192,6901.27,1415.68,"NORDLAND VII - Hola"
174,193,6900.35,1414.05,"NORDLAND VII - Hola"
175,194,6902.33,1420.8,"NORDLAND VII - Hola"
176,195,6905.88,1425.32,"NORDLAND VII - Hola"
177,196,6901.8,1436.32,"NORDLAND VII - Hola"
178,197,6851.9,1526.44,"Gavlfjorden"
179,198,6851.15,1528.46,"Gavlfjorden"
180,199,6850.45,1528.6,"Gavlfjorden"
181,200,6903.96,1440.26,"NORDLAND VII - Grunnen"
182,201,6905.4287,1447.2521,"NORDLAND VII - Grunnen"
183,202,6905.43,1450.85,"NORDLAND VII - Grunnen"
183,203,6905.43,1450.81,"NORDLAND VII - Grunnen"
184,204,6924.6002,1623.5679,"NORDLAND VII - Andfjorden yttre"
185,205,6906.98,1610.01,"Andfjorden"
186,206,6924.17,1540.85,"NORDLAND VII - Bleiksdjupet"
187,207,6926.07,1539.5,"NORDLAND VII - Bleiksdjupet"
188,208,6924.48,1543.95,"NORDLAND VII - Bleiksdjupet"
189,209,6923.14,1544.14,"NORDLAND VII - Bleiksdjupet"
189,210,6923.14,1544.14,"NORDLAND VII - Bleiksdjupet"
190,211,6921.71,1544.52,"NORDLAND VII - Bleiksdjupet"
191,212,6920.67,1541.31,"NORDLAND VII - Bleiksdjupet"
192,213,6923.37,1531.93,"NORDLAND VII - Bleiksdjupet"
193,214,6924.05,1612.25,"NORDLAND VII - Andfjorden yttre"
194,215,6925.14,1543.49,"NORDLAND VII - Bleiksdjupet"
195,216,7016.05,1738.4,"TROMS III - Mulegga"
196,217,7015.02,1723.9,"TROMS II - Mulegga"
197,218,7012.25,1720.1,"TROMS II - Mulegga"
198,219,7014.47,1646.65,"TROMS II - Mulegga skråning"
199,220,7012.3,1610.44,"TROMS II - Mulegga dyphavslette"
200,221,7009.66,1656.67,"TROMS II - Mulegga skråning"
201,222,7007.88,1715.62,"TROMS II - Mulegga"
202,223,6959.29,1704.49,"TROMS II - Malangsgrunnen"
203,224,6957.94,1657.14,"TROMS II - Malangsgrunnen"
204,225,6955.49,1650.25,"TROMS II - Malangsdypet"
205,226,6952.17,1648.65,"TROMS II - Malangsdypet"
206,227,6951.5,1654.25,"TROMS II - Malangsdypet"
207,228,6951.5,1654.91,"TROMS II - Malangsdypet"
208,229,6950.19,1657.06,"TROMS II - Malangsdypet"
209,230,6948,1625.17,"TROMS II - Sveinsgrunnen ravine"
210,231,6951.95,1625.29,"TROMS II - Sveinsgrunnen ravine"
211,232,6950.65,1617.48,"TROMS II - Sveinsgrunnen ravine"
212,233,6955.37,1608.8,"TROMS II - Sveinsgrunnen ravine"
213,234,7000.25,1625.05,"TROMS II - Malangsgrunnen skråning"
215,235,6937.82,1600.71,"TROMS II - Sveinsgrunnen skråning"
217,236,6918.62,1538.5,"NORDLAND VII - Bleiksdjupet"
218,237,6915.1672,1517.598,"NORDLAND VII - Langenesgrunnen"
220,238,6904.29,1614.19,"Andfjorden"
221,239,6908.66,1618.17,"Andfjorden"
222,240,6908.99,1639.82,"Andfjorden"
223,241,6915.42,1620.27,"Andfjorden"
219,242,6907.38,1451.94,"NORDLAND VII - Vesterålsgrunnen"
224,243,6906.77,1453.52,"NORDLAND VII - Vesterålsgrunnen"
225,244,6852.12,1412.31,"NORDLAND VII - Eggagrunnen"
226,245,6854.75,1401.56,"NORDLAND VII - Eggagrunnen"
227,246,6859.81,1405.25,"NORDLAND VII - Eggagrunnen"
228,247,6905.4,1342.42,"NORDLAND VII - Jenegga"
229,248,6908.23,1341.62,"NORDLAND VII - Jenegga"
230,249,6914.95,1410.53,"NORDLAND VII - Vesterålsgrunnen skråning"
231,250,6915.39,1421.23,"NORDLAND VII - Vesterålsgrunnen skråning"
232,251,6924.4,1441.96,"NORDLAND VII - Langenesegga"
233,252,6926.48,1444.27,"NORDLAND VII - Langenesegga"
234,253,6922.74,1449.74,"NORDLAND VII - Langenesegga"
235,254,6923.27,1448.22,"NORDLAND VII - Langenesegga"
236,255,6923.17,1451.86,"NORDLAND VII - Langenesegga"
237,256,6924.74,1448.47,"NORDLAND VII - Langenesegga"
238,257,6937.92,1546.16,"NORDLAND VII - Bleiksdjupet"
239,258,6851.03,1358.96,"NORDLAND VII - Eggagrunnen"
240,259,6847.51,1351.44,"NORDLAND VII - Eggagrunnen"
241,260,6844.01,1405.48,"NORDLAND VII - Eggagrunnen"
242,261,6838.22,1348.65,"NORDLAND VII - Eggagrunnen"
243,262,6834.85,1342.58,"NORDLAND VII - Eggagrunnen"
244,263,6830.68,1326.25,"NORDLAND VII - Eggagrunnen"
245,264,6828.55,1339.34,"NORDLAND VII - Eggagrunnen"
246,265,6828.16,1333.9,"NORDLAND VII - Eggagrunnen"
247,266,6826.99,1332.07,"NORDLAND VII - Eggagrunnen"
248,267,6846.98,1231.79,"NORDLAND VII - Eggagrunnen skråning"
249,268,6842.63,1205.87,"NORDLAND VII - Eggagrunnen skråning"
250,269,6842.84,1201.33,"NORDLAND VII - Eggagrunnen skråning"
251,270,6845.7275,1156.1662,"NORDLAND VII - Eggagrunnen skråning"
252,271,6842.61,1147.82,"NORDLAND VII - Eggagrunnen skråning"
253,272,6835.92,1140.58,"NORDLAND VII - Eggagrunnen skråning"
272,273,6855.29,1424.84,"NORDLAND VII - Hola"
254,274,6903.21,1409.77,"NORDLAND VII - Hola"
255,275,6904.72,1409.83,"NORDLAND VII - Hola"
256,276,6906.42,1409.54,"NORDLAND VII - Hola skråning"
257,277,6907.5619,1406.447,"NORDLAND VII - Hola skråning"
258,278,6908.77,1403.86,"NORDLAND VII - Hola skråning"
259,279,6911.02,1357.79,"NORDLAND VII - Hola skråning"
260,280,6900.58,1413.16,"NORDLAND VII - Hola"
261,281,6906.72,1420.05,"NORDLAND VII - Vesterålsgrunnen"
262,282,6909.65,1418.68,"NORDLAND VII - Vesterålsgrunnen skråning"
263,283,6911.52,1414.94,"NORDLAND VII - Vesterålsgrunnen skråning"
264,284,6911.74,1410.79,"NORDLAND VII - Vesterålsgrunnen skråning"
265,285,6911.47,1442.61,"NORDLAND VII - Vesterålsgrunnen"
266,286,6912.14,1448.56,"NORDLAND VII - Vesterålsgrunnen"
267,287,6920.083,1519.2546,"NORDLAND VII - Langenesgrunnen"
268,288,6922.15,1515.15,"NORDLAND VII - Langenesgrunnen"
269,289,6924.66,1509.67,"NORDLAND VII - Langenesegga"
270,290,6926.89,1510.28,"NORDLAND VII - Langenesegga"
271,291,6930.52,1504.75,"NORDLAND VII - Langenesegga"
273,292,6824.6206,1104.6723,"NORDLAND VII - Moskenesgrunnen skråning"
274,293,6825.41,1102.92,"NORDLAND VII - Moskenesgrunnen skråning"
275,294,6827,1100.44,"NORDLAND VII - Moskenesgrunnen skråning"
276,295,6828.64,1057.47,"NORDLAND VII - Moskenesgrunnen skråning"
277,296,6829.86,1057.81,"NORDLAND VII - Moskenesgrunnen skråning"
278,297,6831.47,1050.62,"NORDLAND VII - Moskenesgrunnen skråning"
279,298,6832.94,1041.17,"NORDLAND VII - Moskenesgrunnen skråning"
280,299,6808,1217.81,"NORDLAND VII - Moskenesgrunnen"
281,300,6814.26,1214.3,"NORDLAND VII - Moskenesgrunnen"
282,301,6813.41,1213.93,"NORDLAND VII - Moskenesgrunnen"
283,302,6811.03,1211.33,"NORDLAND VII - Moskenesgrunnen"
284,303,6814.21,1223.49,"NORDLAND VII - Moskenesgrunnen"
285,304,6820.61,1244.13,"NORDLAND VII - Ribban"
286,305,6822.8528,1301.4311,"NORDLAND VII - Ribban"
287,306,6822.49,1308.81,"NORDLAND VII - Ribban"
288,307,6819.64,1314.54,"NORDLAND VII - Ribban"
289,308,6822.74,1320.03,"Hadselfjorden yttre"
290,309,6834.73,1509.44,"Hadselfjorden"
291,310,6836.16,1515.09,"Hadselfjorden"
292,311,6835.97,1515.36,"Hadselfjorden"
293,312,6828.29,1442.38,"Hadselfjorden"
294,313,6828.59,1421.87,"Hadselfjorden yttre"
295,314,6828.5,1423.51,"Hadselfjorden yttre"
296,315,6837.14,1240.68,"NORDLAND VII - Eggagrunnen"
297,316,6839.17,1154.46,"NORDLAND VII - Eggagrunnen skråning"
298,317,6835.23,1124.31,"NORDLAND VII - Moskenesgrunnen skråning"
299,318,6833.14,1126.42,"NORDLAND VII - Moskenesgrunnen skråning"
300,319,6832.13,1129.1,"NORDLAND VII - Moskenesgrunnen skråning"
301,320,6842.66,1135.51,"NORDLAND VII - Moskenesgrunnen skråning"
302,321,6838.09,1107.3,"NORDLAND VII - Moskenesgrunnen skråning"
303,322,6823.19,1116.03,"NORDLAND VII - Moskenesgrunnen"
304,323,6818.96,1107.8,"NORDLAND VII - Moskenesgrunnen"
305,324,6820.7736,1133.5963,"NORDLAND VII - Moskenesgrunnen"
306,325,6814.5216,1124.8101,"NORDLAND VII - Moskenesgrunnen"
307,326,6833.16,1149.17,"NORDLAND VII - Moskenesgrunnen skråning"
308,327,6848.61,1151.21,"NORDLAND VII - Eggagrunnen skråning"
309,328,6855.0584,1217.3957,"NORDLAND VII - Moskenesgrunnen skråning"
310,329,6852.77,1233.63,"NORDLAND VII - Moskenesgrunnen skråning"
311,330,6853.96,1239.38,"NORDLAND VII - Moskenesgrunnen skråning"
312,331,6849.83,1248.56,"NORDLAND VII - Eggagrunnen"
313,332,6846.08,1259.51,"NORDLAND VII - Eggagrunnen"
314,333,6841.43,1317.27,"NORDLAND VII - Eggagrunnen"
315,334,6836.93,1305.65,"NORDLAND VII - Eggagrunnen"
316,335,6835.25,1248.26,"NORDLAND VII - Eggagrunnen"
317,336,6828.12,1252.61,"NORDLAND VII - Eggagrunnen"
318,337,6827.71,1255.62,"NORDLAND VII - Eggagrunnen"
319,338,6827.86,1258.74,"NORDLAND VII - Eggagrunnen"
320,339,6829.09,1301.84,"NORDLAND VII - Eggagrunnen"
321,340,7008.25,1708.11,"TROMS II - Mulegga skråning"
322,341,7012.18,1611.3,"TROMS II - Mulegga dyphavslette"
323,342,7008.55,1701.26,"TROMS II - Mulegga skråning"
324,343,7008.47,1705.26,"TROMS II - Mulegga skråning"
325,344,7008.63,1650.4,"TROMS II - Mulegga skråning"
326,345,6942.89,1628.14,"TROMS II - Sveinsgrunnen ravine"
327,346,6941.94,1627.01,"TROMS II - Sveinsgrunnen ravine"
328,347,6944.34,1627.69,"TROMS II - Sveinsgrunnen ravine"
329,348,6946.29,1628.63,"TROMS II - Sveinsgrunnen ravine"
330,349,6947.19,1635.1,"TROMS II - Sveinsgrunnen ravine"
331,350,6946.86,1638.15,"TROMS II - Malangsdypet"
332,351,6944.07,1619.32,"TROMS II - Sveinsgrunnen ravine"
333,352,6936.82,1554.43,"TROMS II - Sveinsgrunnen vest"
334,353,6937.02,1551.86,"TROMS II - Sveinsgrunnen ravine"
335,354,6937.81,1542.35,"NORDLAND VII - Bleiksdjupet"
336,355,6939.68,1538.14,"NORDLAND VII - Bleiksdjupet"
337,356,6914.74,1639.73,"Andfjorden"
338,357,6914.47,1638.8,"Andfjorden"
339,358,6914.2322,1639.2267,"Andfjorden"
340,359,6900.31,1518.9,"Gavlfjorden"
341,360,6900.26,1522.89,"Gavlfjorden"
342,361,6914.88,1638.19,"Andfjorden"
343,362,6918.17,1612.78,"Andfjorden"
344,363,6932.84,1549.96,"NORDLAND VII - Bleiksdjupet"
345,364,6933.69,1534.53,"NORDLAND VII - Bleiksdjupet"
346,365,6927.76,1515.78,"NORDLAND VII - Langenesgrunnen skråning"
347,366,6920.4324,1438.7785,"NORDLAND VII - Vesterålsgrunnen skråning"
348,367,6918.69,1424.31,"NORDLAND VII - Vesterålsgrunnen skråning"
349,368,6900.5832,1353.4891,"NORDLAND VII - Hola"
350,369,6854.69,1340.46,"NORDLAND VII - Eggagrunnen"
351,370,6850.35,1305.14,"NORDLAND VII - Eggagrunnen skråning"
352,371,6846.35,1330.41,"NORDLAND VII - Eggagrunnen"
353,372,6834.02,1318.61,"NORDLAND VII - Eggagrunnen"
354,373,6830.89,1307.1,"NORDLAND VII - Eggagrunnen"
355,374,6831.53,1240.45,"NORDLAND VII - Eggagrunnen"
356,375,6823.34,1156.9,"NORDLAND VII - Moskenesgrunnen"
357,376,6823.01,1211.03,"NORDLAND VII - Moskenesgrunnen"
358,377,6812.09,1158.83,"NORDLAND VII - Moskenesgrunnen"
359,378,6805.17,1136.02,"NORDLAND VII - Moskenesgrunnen"
360,379,6802.23,1201.39,"NORDLAND VII - Moskenesgrunnen"
361,380,6802.42,1239.95,"NORDLAND VII - Kvalnesdjupet"
362,381,7227.81,1611.86,"BJØRNØYA VEST"
363,382,7225.32,1557.7,"BJØRNØYA VEST"
364,383,7228.13,1554.15,"BJØRNØYA VEST"
365,384,7228.49,1539.61,"BJØRNØYA VEST"
366,385,7226.96,1533.83,"BJØRNØYA VEST"
367,386,7225.73,1529.01,"BJØRNØYA VEST"
368,387,7222.97,1537.98,"BJØRNØYA VEST"
369,388,7222.7338,1522.3894,"BJØRNØYA VEST"
370,389,7225.22,1511.98,"BJØRNØYA VEST"
371,390,7228.31,1529.63,"BJØRNØYA VEST"
372,391,7220.92,1518.25,"BJØRNØYA VEST"
373,392,7219.95,1515.1,"BJØRNØYA VEST"
374,393,7221.21,1510.64,"BJØRNØYA VEST"
375,394,7220.87,1507.27,"BJØRNØYA VEST"
376,395,7219.41,1506.73,"BJØRNØYA VEST"
377,396,7220.99,1502.84,"BJØRNØYA VEST"
378,397,7223.66,1503.99,"BJØRNØYA VEST"
379,398,7221.77,1453.7,"Utenfor kanten av BJØRNØYA VEST"
380,99999,7224.9,1453.41,"Utenfor kanten av BJØRNØYA VEST"
380,399,7224.94,1452.15,"Utenfor kanten av BJØRNØYA VEST"
381,400,7225.36,1434.2,"Utenfor kanten av BJØRNØYA VEST"
382,401,7226.75,1416.2,"Utenfor kanten av BJØRNØYA VEST"
383,402,7220.15,1431.26,"Utenfor kanten av BJØRNØYA VEST"
384,403,7216.8,1436.07,"Utenfor kanten av BJØRNØYA VEST"
385,404,7218.18,1453.65,"Utenfor kanten av BJØRNØYA VEST"
386,405,7217.02,1502.86,"BJØRNØYA VEST"
387,406,7215.37,1505.37,"BJØRNØYA VEST"
388,407,7215.75,1516.57,"BJØRNØYA VEST"
389,408,7214.2132,1513.6161,"BJØRNØYA VEST"
390,409,7214.89,1521.13,"BJØRNØYA VEST"
391,410,7216.97,1539.28,"BJØRNØYA VEST"
392,411,7220.19,1544.14,"BJØRNØYA VEST"
393,412,7221.78,1604.68,"BJØRNØYA VEST"
393,413,7221.7868,1604.6851,"BJØRNØYA VEST"
394,414,7218.18,1615.89,"BJØRNØYA VEST"
395,415,7219.05,1625.68,"BJØRNØYA VEST"
396,416,7219.63,1647.2,"BJØRNØYA VEST"
395,417,7219.043,1625.6839,"BJØRNØYA VEST"
397,418,7215.01,1556.25,"BJØRNØYA VEST"
398,419,7210.69,1605.57,"BJØRNØYA VEST"
399,420,7208.15,1557.59,"BJØRNØYA VEST"
400,421,7210.8,1553.71,"BJØRNØYA VEST"
401,422,7210.5617,1551.9671,"BJØRNØYA VEST"
402,423,7209.79,1549.81,"BJØRNØYA VEST"
403,424,7206.7,1547.47,"BJØRNØYA VEST"
404,425,7205.07,1548,"BJØRNØYA VEST"
407,426,7208.32,1543.02,"BJØRNØYA VEST"
408,427,7208.49,1538.02,"BJØRNØYA VEST"
409,428,7206.22,1532.44,"BJØRNØYA VEST"
405,429,7208.72,1520.78,"BJØRNØYA VEST"
410,430,7212.47,1510.16,"BJØRNØYA VEST"
411,431,7211.12,1502.04,"BJØRNØYA VEST"
406,432,7211.56,1449.41,"Utenfor kanten av BJØRNØYA VEST"
412,433,7205.48,1500.84,"BJØRNØYA VEST"
413,434,7202.59,1513.07,"BJØRNØYA VEST"
414,435,7200.3,1518.56,"BJØRNØYA VEST"
415,436,7157.44,1518.25,"Utenfor kanten av TROMS I"
416,437,7156.34,1531,"Utenfor kanten av TROMS I"
417,438,7200.79,1527.87,"BJØRNØYA VEST"
418,439,7200.14,1550.19,"BJØRNØYA VEST"
419,440,7157.66,1551.54,"Utenfor kanten av TROMS I"
420,441,7201.49,1614.59,"BJØRNØYA VEST"
421,442,7208.76,1632.83,"BJØRNØYA VEST"
422,443,7202.37,1653.89,"BJØRNØYA VEST"
423,444,7152.61,1708.17,"TROMS I"
424,445,7152.44,1709.89,"TROMS I"
425,446,7150.73,1719.49,"TROMS I"
426,447,7150.0097,1722.8533,"TROMS I"
427,448,7143.59,1714.08,"TROMS I"
428,449,7145.88,1706.06,"TROMS I"
429,450,7146.62,1704.76,"TROMS I"
430,451,7147.86,1659.91,"TROMS I"
431,452,7151.84,1646.3,"TROMS I"
432,453,7147.83,1626.6,"TROMS I"
433,454,7140.76,1615.68,"TROMS I"
434,455,7137.3052,1618.7967,"TROMS I"
435,456,7136.5,1626.99,"TROMS I"
436,457,7132.3,1549,"Utenfor kanten av TROMS I"
437,458,7133.06,1551.34,"Utenfor kanten av TROMS I"
438,459,7151.57,1510.87,"Bjørnøyaraset utenfor TROMS I"
439,460,7155.24,1513.22,"Bjørnøyaraset utenfor TROMS I"
440,461,7155.76,1537.27,"Bjørnøyaraset utenfor TROMS I"
441,462,7155.61,1614.24,"TROMS I - Bjørnøyaraset"
442,463,7151.19,1553.85,"Bjørnøyaraset utenfor TROMS I"
443,464,7149.98,1532.57,"Bjørnøyaraset utenfor TROMS I"
444,465,7144.8,1513.66,"Eggakanten skråning utenfor TROMS I"
445,466,7142.4,1530.62,"Eggakanten skråning utenfor TROMS I"
446,467,7146.38,1552.99,"Eggakanten skråning utenfor TROMS I"
447,468,7142.34,1545.05,"Eggakanten skråning utenfor TROMS I"
448,469,7135.9943,1607.0382,"TROMS I - Eggakanten skråning"
449,470,7133.2965,1550.4412,"Eggakanten skråning utenfor TROMS I"
450,471,7129.1884,1607.7462,"TROMS III - Eggakanten skråning"
451,472,7129.7062,1621.8995,"TROMS III - Eggakanten skråning"
452,473,7130.7205,1639.4615,"TROMS I - Tromsøflaket NW"
453,474,7135.84,1645.8,"TROMS I - Tromsøflaket NW"
454,475,7141.8358,1645.7146,"TROMS I - Tromsøflaket NW"
455,476,7138.66,1709.24,"TROMS I - Tromsøflaket NW"
456,477,7138.8114,1730.2908,"TROMS I - Tromsøflaket NW"
457,478,7135.2782,1744.1184,"TROMS I - Tromsøflaket NW"
458,479,7132.4655,1743.0111,"TROMS I - Tromsøflaket NW"
459,480,7133.2632,1711.3747,"TROMS I - Tromsøflaket NW"
460,481,7130.2436,1655.6801,"TROMS I - Tromsøflaket NW"
461,482,7128.5324,1632.7704,"TROMS III - Eggakanten skråning"
462,483,7125.8964,1626.7502,"TROMS III - Eggakanten skråning"
463,484,7123.7102,1614.9885,"TROMS III - Eggakanten skråning"
464,485,7120.25,1630.72,"TROMS III - Eggakanten skråning"
465,486,7120.86,1652.21,"TROMS III - Tromsøflaket W"
466,487,7123.7055,1709.0283,"TROMS III - Tromsøflaket W"
467,488,7125.7464,1724.484,"TROMS III - Tromsøflaket W"
467,489,7125.7469,1724.4814,"TROMS III - Tromsøflaket W"
468,490,7118.9687,1746.3112,"TROMS I - Tromsøflaket W"
469,491,7114.59,1719.32,"TROMS III - Tromsøflaket W"
470,492,7115.7505,1651.4864,"TROMS III - Tromsøflaket W"
471,493,7107.96,1655.69,"TROMS III - Tromsøflaket W"
472,494,7109.6663,1737.8741,"TROMS III - Tromsøflaket W"
473,495,7112.5114,1816.523,"TROMS I - Tromsøflaket W"
474,496,7105.0284,1832.1895,"TROMS I - Tromsøflaket W"
475,497,7106.0929,1807.4069,"TROMS I - Tromsøflaket W"
476,498,7101.191,1727.3267,"TROMS III - Tromsøflaket W"
477,499,7104.7635,1700.3496,"TROMS III - Tromsøflaket W"
478,500,7100.991,1652.4866,"TROMS III - Tromsøflaket W"
479,501,6838.0703,1016.9909,"NORDLAND VII"
480,502,6835.2773,1027.6569,"NORDLAND VII"
481,503,6845.67,1055.45,"NORDLAND VII"
482,504,6758.8886,1209.0235,"NORDLAND VII - Lofoten"
482,505,6758.89,1209.02,"NORDLAND VII - Lofoten"
483,506,6753.0002,1207.3493,"NORDLAND VII - Lofoten"
484,507,6746.61,1221.59,"NORDLAND VI"
485,508,6757.4133,1223.5834,"NORDLAND VII - Lofoten"
486,509,6828.11,1230.67,"NORDLAND VII - Lofoten"
487,510,6903.5342,1230.127,"NORDLAND VII"
488,511,6942.8992,1512.0111,"NORDLAND VII"
489,512,6951.96,1532.38,"NORDLAND VII"
490,513,6950.723,1553.7691,"NORDLAND VII"
491,514,7034.33,1920.67,"TROMS III - Loppa"
492,515,7229.2673,2550.4865,"LOPPARYGGEN ØST - Finnmark-transektet"
493,516,7223.6586,2543.3756,"LOPPARYGGEN ØST - Finnmark-transektet"
494,517,7221.03,2547.08,"LOPPARYGGEN ØST - Finnmark-transektet"
495,518,7218.0536,2559.4796,"LOPPARYGGEN ØST - Finnmark-transektet"
496,519,7215.8769,2550.3113,"LOPPARYGGEN ØST - Finnmark-transektet"
497,520,7211.9318,2559.3608,"LOPPARYGGEN ØST - Finnmark-transektet"
498,521,7206.1259,2550.1774,"LOPPARYGGEN ØST - Finnmark-transektet"
499,522,7159.9776,2551.5384,"FINNMARK ØST - Finnmark-transektet"
500,523,7155.1027,2553.6855,"FINNMARK ØST - Finnmark-transektet"
501,524,7147.8517,2542.3758,"FINNMARK ØST - Finnmark-transektet"
502,525,7146.374,2559.0472,"FINNMARK ØST - Finnmark-transektet"
503,526,7143.0468,2548.3138,"FINNMARK ØST - Finnmark-transektet"
504,527,7138.45,2551.97,"FINNMARK ØST - Finnmark-transektet"
505,528,7131.66,2558.71,"FINNMARK ØST - Finnmark-transektet"
506,529,7124.91,2558.12,"FINNMARK ØST - Finnmark-transektet"
507,530,7118.7522,2602.3351,"FINNMARK ØST - Finnmark-transektet"
508,531,7121.17,2548.19,"FINNMARK ØST - Finnmark-transektet"
509,532,7117.4792,2544.7707,"FINNMARK ØST - Finnmark-transektet"
510,533,7049.39,1905.24,"TROMS III"
511,534,7048.0894,1902.792,"TROMS III"
512,535,7045.8,1858.66,"TROMS III"
513,536,7045.59,1848.25,"TROMS III"
514,537,7044.64,1843.42,"TROMS III"
515,538,7045.8291,1840.7954,"TROMS III"
516,539,7045.4023,1834.285,"TROMS III"
517,540,7045.9462,1828.2263,"TROMS III"
518,541,7044.0389,1822.2456,"TROMS III"
519,542,7043.8974,1807.0083,"TROMS III"
520,543,7043.4883,1756.5942,"TROMS III"
521,544,7044.0712,1754.6312,"TROMS III"
522,545,7043.8365,1742.5865,"TROMS III"
523,546,7041.3157,1719.7685,"TROMS III"
524,547,7039.11,1711.21,"TROMS III"
525,548,7038.09,1707.85,"TROMS III"
526,549,7034.576,1714.7104,"TROMS III"
527,550,7034.6657,1729.7587,"TROMS III"
528,551,7039.474,1736.1037,"TROMS III"
529,552,7042.7788,1810.3116,"TROMS III"
530,553,7041.8526,1829.4289,"TROMS III"
531,554,7041.6564,1833.8486,"TROMS III"
532,555,7042.7,1840.65,"TROMS III"
533,556,7041.76,1851.1863,"TROMS III"
534,557,7041.6159,1838.8164,"TROMS III"
535,558,7037.4946,1835.9539,"TROMS III"
536,559,7032.71,1800.67,"TROMS III"
537,560,7032.27,1750.23,"TROMS III"
538,561,7033.17,1722.38,"TROMS III"
539,562,7033.97,1659.6,"TROMS III"
540,563,7030.16,1706.63,"TROMS III"
541,564,7027.8117,1659.7073,"TROMS III"
542,565,7024.0134,1701.243,"TROMS III"
543,566,7024.8897,1705.747,"TROMS III"
544,567,7027.87,1714.45,"TROMS III"
545,568,7029.64,1735.81,"TROMS III"
546,569,7028.69,1743.49,"TROMS III"
547,570,7036.71,1750.81,"TROMS III"
548,571,7038.4299,1804.5959,"TROMS III"
549,572,7036.561,1809.0922,"TROMS III"
550,573,7029.5128,1803.1391,"TROMS III"
551,574,7030.7,1813.63,"TROMS III"
552,575,7034.0216,1836.3413,"TROMS III"
553,576,7031.1304,1842.3607,"TROMS III"
554,577,7037.97,1848.57,"TROMS III"
555,578,7036.36,1910.11,"TROMS III"
555,579,7036.7329,1909.7895,"TROMS III"
556,580,7037.9963,1923.928,"TROMS III"
557,581,7042.7399,1917.2178,"TROMS III"
558,582,7040.2532,1909.9628,"TROMS III"
559,583,7051.51,1830.89,"TROMS III"
560,584,7053.3745,1849.1434,"TROMS III"
561,585,7058.3,1839.25,"TROMS III"
562,586,7059.33,1826.15,"TROMS III"
563,587,7056.45,1813.44,"TROMS III"
564,588,7052.99,1757.47,"TROMS III"
565,589,7050.19,1753.59,"TROMS III"
566,590,7052.37,1750.58,"TROMS III"
567,591,7056.02,1742.54,"TROMS III"
568,592,7100.36,1736.87,"TROMS III"
569,593,7053.62,1725.04,"TROMS III"
570,594,7059.06,1713.68,"TROMS III"
571,595,7056.68,1705.62,"TROMS III"
572,596,7052.53,1703.15,"TROMS III"
573,597,7054.21,1653.93,"TROMS III"
574,598,7047,1656.82,"TROMS III"
575,599,7048.11,1730.41,"TROMS III"
576,600,7045.99,1711.17,"TROMS III"
577,601,7037,1655.35,"TROMS III"
578,602,7021.71,1710.27,"TROMS III"
579,603,7019.8712,1659.3944,"TROMS III"
580,604,7017,1701.01,"TROMS III"
581,605,7017.48,1708.21,"TROMS III"
582,606,7018.3189,1712.2208,"TROMS III"
583,607,7019.01,1725.34,"TROMS III"
584,608,7021.3812,1726.9631,"TROMS III"
585,609,7026.5,1723.17,"TROMS III"
586,610,7023.93,1741.61,"TROMS III"
587,611,7026.59,1753.69,"TROMS III"
588,612,7018.92,1748.4,"TROMS III"
589,613,7017.55,1810.79,"TROMS III"
590,614,7022.42,1813.99,"TROMS III"
591,615,7026.6,1830.29,"TROMS III"
592,616,7024.46,1843.09,"TROMS III"
593,617,7022.25,1854.57,"TROMS III"
593,618,7022.36,1853.66,"TROMS III"
594,619,7030.35,1911.97,"TROMS III"
595,620,7029.23,1934.27,"TROMS III"
596,621,7031.09,1933.58,"TROMS III"
596,622,7030.92,1934.07,"TROMS III"
597,623,7029.54,1944.12,"TROMS III"
598,624,7033.17,1953.76,"TROMS III"
599,625,7051.57,2159.91,"TROMS III"
600,626,7052.1933,2209.411,"TROMS III"
601,627,7054.33,2213.73,"TROMS III"
602,628,7051.87,2222.08,"TROMS III"
603,629,7043.89,2147.37,"TROMS III"
604,630,7044.98,2134.13,"TROMS III"
605,631,7049.8,2131.7,"TROMS III"
606,632,7048.6,2124.33,"TROMS III"
607,633,7053.0149,2113.9531,"TROMS III"
608,634,7057.77,2108.01,"TROMS III"
609,635,7055.68,2037.1,"TROMS III"
610,636,7053.72,2026.18,"TROMS III"
611,637,7049.66,2034.35,"TROMS III"
612,638,7049.08,2102.02,"TROMS III"
613,639,7046.22,2048.73,"TROMS III"
614,640,7044.45,2030.44,"TROMS III"
615,641,7042.45,2024.12,"TROMS III"
616,642,7043.68,2009.34,"TROMS III"
617,643,7041.02,2034.7,"TROMS III"
618,644,7041.89,2102.62,"TROMS III"
619,645,7043.8104,2051.8936,"TROMS III"
620,646,7042.05,2040.25,"TROMS III"
621,647,7040.9,2050.91,"TROMS III"
622,648,7037.07,2036.29,"TROMS III"
623,649,7035.29,2037.35,"TROMS III"
624,650,7036.19,2041.61,"TROMS III"
625,651,7035.4,2030.64,"TROMS III"
626,652,7036.63,2021.68,"TROMS III"
627,653,7039.31,2017.02,"TROMS III"
628,654,7046.36,2015.71,"TROMS III"
629,655,7046.13,2003.34,"TROMS III"
630,656,7048.7152,1952.2154,"TROMS III"
631,657,7048.6911,1941.0791,"TROMS III"
632,658,7048.01,1929.96,"TROMS III"
633,659,7045.3,1926.63,"TROMS III"
634,660,7041.23,1941.22,"TROMS III"
635,661,7040.25,2008.94,"TROMS III"
636,662,7037.56,2007.11,"TROMS III"
637,663,7033.43,2016.09,"TROMS III"
638,664,7033.86,2008.46,"TROMS III"
639,665,7036.54,1952.33,"TROMS III"
640,666,7033.27,1943.1,"TROMS III"
641,667,7031.95,1945.78,"TROMS III"
642,668,6815.1,915.85,"NORDLAND VI"
643,669,6810.6,851.4,"NORDLAND VI"
644,670,6805.41,824.36,"NORDLAND VI"
645,671,6800.0843,803.9499,"NORDLAND VI"
646,672,6749.46,824.88,"NORDLAND VI"
647,673,6744.41,802.21,"NORDLAND VI"
648,674,6748.65,843.54,"NORDLAND VI"
649,675,6754.46,858.97,"NORDLAND VI"
650,676,6802.94,902.98,"NORDLAND VI"
651,677,6746.37,807.99,"NORDLAND VI"
652,678,6733.93,804.7,"NORDLAND VI"
653,679,6737.64,822.3,"NORDLAND VI"
654,680,6740.22,831.6,"NORDLAND VI"
655,681,6737.72,846.06,"NORDLAND VI"
656,682,6733.72,843.3,"NORDLAND VI"
658,684,6722.12,843.72,"NORDLAND VI"
657,683,6721.5,838.14,"NORDLAND VI"
659,685,6720.57,853.84,"NORDLAND VI"
660,686,6719.44,856.06,"NORDLAND VI"
661,687,6722.21,903.82,"NORDLAND VI"
662,688,6723.88,903.89,"NORDLAND VI"
663,689,6727.07,917.16,"NORDLAND VI"
664,690,6728.0672,915.999,"NORDLAND VI"
665,691,6726.46,914.59,"NORDLAND VI"
666,692,6737.7,904.21,"NORDLAND VI"
667,693,6732.65,937.05,"NORDLAND VI"
668,694,6742.4208,924.0398,"NORDLAND VI"
669,695,6742.28,943.74,"NORDLAND VI"
670,696,6752.75,916.7,"NORDLAND VI"
671,697,6753.8,952.3,"NORDLAND VI"
672,698,6803.06,1455.1,"Vestfjorden"
673,699,6800.84,1441.26,"Vestfjorden"
674,700,6801.95,1452.56,"Vestfjorden"
675,701,6817.26,1546.73,"Vestfjorden"
676,702,6816.9211,1603.2934,"Vestfjorden"
677,703,7055.79,2239.6,"Finnmark Vest"
678,704,7056.06,2230.69,"Finnmark Vest"
679,705,7101.37,2231.04,"Finnmark Vest"
680,706,7100.55,2243.25,"Finnmark Vest"
681,707,7116.317,2659.0481,"Finnmark Midt"
706,732,7056.2061,2628.6807,"Porsanger"
707,733,7055.74,2627.16,"Porsanger"
708,734,7045.95,2600.06,"Porsanger"
709,735,7050.12,2610.86,"Porsanger"
683,708,7115.58,2722.78,"Finnmark Midt"
684,709,7117.88,2741.91,"Finnmark Midt"
685,710,7112.76,2739.65,"Finnmark Midt"
686,711,7112.25,2753.52,"Finnmark Midt"
687,712,7114.47,2801.81,"Finnmark Midt"
688,713,7120.5,2756.89,"Finnmark Midt"
689,714,7126.63,2810.41,"Finnmark Midt"
682,715,7127.2,2747.54,"Finnmark Midt"
690,716,7120.5107,2732.4951,"Finnmark Midt"
691,717,7124.64,2712.78,"Finnmark Midt"
692,718,7124.69,2723.12,"Finnmark Midt"
693,719,7128.53,2731.25,"Finnmark Midt"
694,720,7132.6,2713.48,"Finnmark Midt"
695,721,7129.72,2656.85,"Finnmark Midt"
696,722,7120.41,2513.48,"Finnmark Vest"
697,723,7113.82,2515.67,"Finnmark Vest"
698,724,7112.62,2459.18,"Finnmark Vest"
699,725,7119.37,2448.02,"Finnmark Vest"
700,726,7111.78,2439.46,"Finnmark Vest"
701,727,7115.61,2427.34,"Finnmark Vest"
702,728,7112.16,2419.58,"Finnmark Vest"
703,729,7110.52,2403.07,"Finnmark Vest"
704,730,7113.24,2410.61,"Finnmark Vest"
705,731,7117.95,2408.26,"Finnmark Vest"
710,736,6731.014,1138.4445,"NORDLAND VI"
710,737,6731.0146,1138.451,"NORDLAND VI"
711,738,6734.61,1139.84,"NORDLAND VI"
712,739,6734.31,1150.64,"NORDLAND VI"
713,740,6736.9804,1145.8479,"NORDLAND VI"
714,741,6737.52,1150.47,"NORDLAND VI"
715,742,6737.5016,1159.0841,"NORDLAND VI"
716,743,6742.16,1204.46,"NORDLAND VI"
717,744,6745.97,1211.21,"NORDLAND VI"
718,745,6746.8182,1156.7961,"NORDLAND VI"
719,746,6749.6335,1205.684,"NORDLAND VI"
720,747,6750.64,1156.2,"NORDLAND VI"
721,748,6750.8679,1149.5475,"NORDLAND VI"
722,749,6755.8063,1148.2046,"NORDLAND VI"
723,750,6755.66,1141.83,"NORDLAND VI"
724,751,6756.59,1136.82,"NORDLAND VI"
725,752,6756.78,1126.9,"NORDLAND VI"
726,753,6752.7771,1119.0769,"NORDLAND VI"
727,754,6749.49,1119.47,"NORDLAND VI"
728,755,6749.66,1102.71,"NORDLAND VI"
729,756,6735.24,1002.03,"NORDLAND VI"
729,757,6735.0802,1002.3921,"NORDLAND VI"
730,758,6736.959,1006.5921,"NORDLAND VI"
731,759,6741.38,959.49,"NORDLAND VI"
732,760,6744.67,958.97,"NORDLAND VI"
733,761,6742.61,1018.08,"NORDLAND VI"
734,762,6747.42,1013.98,"NORDLAND VI"
735,763,6751.4,1004.97,"NORDLAND VI"
736,764,6751.12,1022.05,"NORDLAND VI"
737,765,6748.66,1037.04,"NORDLAND VI"
738,766,6748.7657,1054.5547,"NORDLAND VI"
739,767,6748.0994,1109.2568,"NORDLAND VI"
740,768,6756.24,1051.79,"NORDLAND VI"
741,769,6754.0985,1041.8854,"NORDLAND VI"
742,770,6755.83,1030.19,"NORDLAND VI"
743,771,6800.0554,1031.0146,"NORDLAND VI"
744,772,6756.5926,1015.0124,"NORDLAND VI"
745,773,6802.4997,1020.0827,"NORDLAND VI"
746,774,6803.66,1010.39,"NORDLAND VI"
747,775,6757.6027,1005.1175,"NORDLAND VI"
748,776,6758.07,959.29,"NORDLAND VI"
749,777,6747.0036,859.9166,"NORDLAND VI"
750,778,6746.8185,916.3105,"NORDLAND VI"
751,779,6744.2645,1116.2303,"NORDLAND VI"
752,780,6743.7866,1109.4598,"NORDLAND VI"
753,781,6819.3215,927.2366,"NORDLAND VI"
753,782,6819.3209,927.2395,"NORDLAND VI"
755,783,6756.9209,953.4902,"NORDLAND VI"
756,784,6745.2523,1043.1611,"NORDLAND VI"
757,785,6741.9218,1111.7687,"NORDLAND VI"
758,786,6802.4129,1113.3906,"NORDLAND VI"
759,787,6803.8408,1057.7491,"NORDLAND VI"
760,788,6806.6993,1100.1957,"NORDLAND VI"
761,789,6805.7032,1047.1735,"NORDLAND VI"
762,790,6813.15,1047.6,"NORDLAND VI"
763,791,6817.27,1042.35,"NORDLAND VI"
764,792,6820.453,1039.3982,"NORDLAND VI"
765,793,6820.8,1027.02,"NORDLAND VI"
766,794,6818.048,1022.6295,"NORDLAND VI"
767,795,6817.1915,1012.47,"NORDLAND VI"
768,796,6816.943,1002.2915,"NORDLAND VI"
769,797,6820.61,1005.16,"NORDLAND VI"
770,798,6825.5037,1017.4386,"NORDLAND VI"
771,799,6824.8034,1006.888,"NORDLAND VI"
772,800,6830.4519,1000.354,"NORDLAND VI"
773,801,6821.3151,940.662,"NORDLAND VI"
774,802,6813.1261,951.4386,"NORDLAND VI"
775,803,6809.6441,1000.435,"NORDLAND VI"
776,804,6811.0397,1020.988,"NORDLAND VI"
777,805,6809.3324,1027.8649,"NORDLAND VI"
778,806,6806.6774,1010.6504,"NORDLAND VI"
779,807,6805.8,1003.94,"NORDLAND VI"
780,808,6802.66,945.83,"NORDLAND VI"
781,809,6804.5232,942.2845,"NORDLAND VI"
782,810,6803.718,927.3783,"NORDLAND VI"
783,811,6808.6056,910.6697,"NORDLAND VI"
784,812,6758.1025,914.5409,"NORDLAND VI"
785,813,6755.6212,930.9313,"NORDLAND VI"
786,814,6757.781,936.0235,"NORDLAND VI"
787,815,6735.1664,944.512,"NORDLAND VI"
788,816,6731.34,1000.78,"NORDLAND VI"
789,817,6730.1122,1008.5517,"NORDLAND VI"
790,818,6732.66,1019.66,"NORDLAND VI"
791,819,6735.5859,1039.4433,"NORDLAND VI"
792,820,6737.95,1043.95,"NORDLAND VI"
793,821,6740.4232,1045.7731,"NORDLAND VI"
794,822,6740.3808,1105.997,"NORDLAND VI"
795,823,6746.39,1112.67,"NORDLAND VI"
796,824,6744.9245,1113.1491,"NORDLAND VI"
797,825,6744.63,1123.07,"NORDLAND VI"
798,826,6745.77,1132.72,"NORDLAND VI"
799,827,6748.35,1139.94,"NORDLAND VI"
800,828,6747.28,1148.45,"NORDLAND VI"
801,829,6745.7261,1149.8115,"NORDLAND VI"
802,830,6744.58,1147.15,"NORDLAND VI"
803,831,6742.4992,1148.3587,"NORDLAND VI"
804,832,6742.9882,1137.8969,"NORDLAND VI"
805,833,6741.919,1131.4417,"NORDLAND VI"
806,834,6738.783,1126.528,"NORDLAND VI"
807,835,6734.4625,1119.416,"NORDLAND VI"
808,836,6732.8067,1111.1052,"NORDLAND VI"
809,837,6729.8078,1111.807,"NORDLAND VI"
810,838,6728.5734,1101.2241,"NORDLAND VI"
811,839,6734.4,1050.31,"NORDLAND VI"
812,840,6728.2663,1035.4987,"NORDLAND VI"
813,841,6724.77,1023.28,"NORDLAND VI"
814,842,6723.9964,1010.5646,"NORDLAND VI"
815,843,6725.7161,953.2042,"NORDLAND VI"
816,844,6733.51,933.35,"NORDLAND VI"
817,845,6737.1641,931.9141,"NORDLAND VI"
818,846,6735.9678,919.1927,"NORDLAND VI"
819,847,6730.7613,901.9795,"NORDLAND VI"
820,848,6727.7097,840.0708,"NORDLAND VI"
821,849,6701.4222,813.3206,"NORDLAND VI"
822,850,6706.36,822.36,"NORDLAND VI"
823,851,6704.14,834.56,"NORDLAND VI"
824,852,6710.52,827.87,"NORDLAND VI"
825,853,6710.823,835.038,"NORDLAND VI"
826,854,6713.8554,836.2699,"NORDLAND VI"
827,855,6715.0398,844.4518,"NORDLAND VI"
828,856,6705.9048,855.0547,"NORDLAND VI"
829,857,6702.3404,911.0557,"NORDLAND VI"
830,858,6702.35,1059.44,"NORDLAND VI"
831,859,6704.1866,1052.5173,"NORDLAND VI"
832,860,6703.7697,1034.1977,"NORDLAND VI"
833,861,6701.2705,1018.5643,"NORDLAND VI"
834,862,6701.8308,1003.7658,"NORDLAND VI"
835,863,6700.7109,946.2834,"NORDLAND VI"
836,864,6703.9897,940.0036,"NORDLAND VI"
837,865,6703.49,949.34,"NORDLAND VI"
838,866,6707.66,956.2,"NORDLAND VI"
839,867,6710.0411,1008.8637,"NORDLAND VI"
840,868,6708.88,1036.62,"NORDLAND VI"
841,869,6712.3941,1027.4937,"NORDLAND VI"
842,870,6713.29,1035.852,"NORDLAND VI"
843,871,6721.9908,1125.0724,"NORDLAND VI"
844,872,6716.6113,1131.9811,"NORDLAND VI"
845,873,6723.8281,1120.163,"NORDLAND VI"
846,874,6713.3,1119.32,"NORDLAND VI"
847,875,6719.5374,1108.7154,"NORDLAND VI"
848,876,6713.5816,1055.2416,"NORDLAND VI"
849,877,6724.13,1048.36,"NORDLAND VI"
850,878,6715.3266,1037.6107,"NORDLAND VI"
851,879,6720.66,1035.55,"NORDLAND VI"
852,880,6718.7814,1016.9263,"NORDLAND VI"
853,881,6717.44,1003.59,"NORDLAND VI"
854,882,6721.3977,956.1826,"NORDLAND VI"
855,883,6714.4477,953.671,"NORDLAND VI"
856,884,6713.1059,942.4797,"NORDLAND VI"
857,885,6710.057,932.0129,"NORDLAND VI"
858,886,6708.0082,926.7991,"NORDLAND VI"
859,887,6710.43,913.06,"NORDLAND VI"
860,888,6713.8672,917.8978,"NORDLAND VI"
861,889,6716.0805,906.3409,"NORDLAND VI"
862,890,6719.2636,913.9959,"NORDLAND VI"
863,891,6719.38,930.72,"NORDLAND VI"
864,892,6725.6,925.21,"NORDLAND VI"
865,893,6723.524,832.5541,"NORDLAND VI"
866,894,6717.42,827.14,"NORDLAND VI"
867,895,6709.7193,818.3067,"NORDLAND VI"
868,896,6705.4183,801.2734,"NORDLAND VI"
869,897,6722.7617,1139.4572,"NORDLAND VI"
870,898,6723.46,1136.99,"NORDLAND VI"
871,899,6725.3792,1134.6443,"NORDLAND VI"
872,900,6727.601,1125.7861,"NORDLAND VI"
873,901,6729.6083,1122.7173,"NORDLAND VI"
874,902,6731.2654,1132.1856,"NORDLAND VI"
875,903,6727.32,1135.29,"NORDLAND VI"
876,904,6729.39,1130.05,"NORDLAND VI"
878,905,6750.6293,959.3354,"NORDLAND VI"
754,906,6748.0925,941.7787,"NORDLAND VI"
879,907,6733.584,835.0691,"NORDLAND VI"
880,908,6729.8783,807.3931,"NORDLAND VI"
881,909,6727.1562,809.304,"NORDLAND VI"
882,910,6717.35,809.03,"NORDLAND VI"
883,911,6732.2788,926.3591,"NORDLAND VI"
884,912,6729.32,917.12,"NORDLAND VI"
885,913,6417.98,922.87,"Halten"
886,914,6418.9889,908.7697,"Halten"
887,915,6415.7161,912.7275,"Halten"
888,916,6413.1736,906.2078,"Halten"
889,917,6417.8098,847.8103,"Halten"
890,918,6408.19,843.34,"Halten"
891,919,6401.864,835.664,"Halten"
892,920,6358.1808,836.724,"Halten"
893,921,6412.59,838.55,"Halten"
894,922,6407.6965,829.9798,"Halten"
895,923,6402.1119,823.0242,"Halten"
896,924,6403.49,814.04,"Halten"
897,925,6356.6493,816.7553,"Halten"
898,926,6357.8719,804.2385,"Halten"
899,927,6351.5617,757.9188,"Halten"
899,928,6351.5576,757.9355,"Halten"
900,929,6349.997,807.6776,"Halten"
901,930,6347.4608,809.1692,"Halten"
902,931,6346.5528,757.4042,"Halten"
903,932,6342.6477,759.1534,"Halten"
904,933,6339.55,757.32,"Halten"
905,934,6342.24,750.85,"Halten"
906,935,6347.3057,744.6456,"Halten"
907,936,6343.03,737.56,"Halten"
908,937,6336.1427,737.6525,"Halten"
909,938,6332.05,737.81,"Halten"
910,939,6328.6374,738.5962,"Halten"
911,940,6334.3133,725.8013,"Halten"
912,941,6329.6085,715.2935,"Halten"
913,942,6329.9189,726.7997,"Halten"
914,943,6327.263,727.095,"Halten"
915,944,6323.7777,730.5515,"Halten"
916,945,6323.56,716.37,"Halten"
917,946,6323.61,705.47,"Halten"
918,947,6320.8177,708.7729,"Halten"
919,948,6317.7946,708.8132,"Halten"
920,949,6317.7123,700.6632,"Halten"
921,950,6311.6494,710.175,"Halten"
922,951,6312.1433,702.2168,"Halten"
923,952,6314.42,654.52,"Mørebanken Halten"
924,953,6307.4486,653.2695,"Halten"
925,954,6309.6523,645.6891,"Halten"
926,955,6312.13,645.48,"Halten"
927,956,6357,600.82,"Storegga"
928,957,6358.8221,538.5754,"Storegga"
929,958,6400.95,555.72,"Storegga"
930,959,6403.46,600.53,"Storegga"
931,960,6406.8714,554.9673,"Storegga"
932,961,6406.7871,544.2445,"Storegga"
933,962,6411.165,602.9238,"Storegga"
934,963,6412.83,558.74,"Storegga"
935,964,6414.37,556.43,"Storegga"
936,965,6413.0583,547.3135,"Storegga"
937,966,6415.4742,531.1716,"Storegga"
938,967,6417.5,540.39,"Storegga"
939,968,6418.56,551.8,"Storegga"
940,969,6421.36,602.56,"Storegga"
941,970,6422.6149,545.4256,"Storegga"
942,971,6424.3,534.18,"Storegga"
943,972,6427.27,534.25,"Storegga"
944,973,6426.86,546.78,"Storegga"
945,974,6425.28,554.53,"Storegga"
946,975,6459.95,1119.02,"Risværfjorden"
947,976,6500.33,1117.73,"Risværfjorden"
947,977,6500.43,1117.4,"Risværfjorden"
948,978,6509.39,927.82,"Iverryggen"
949,979,6509.68,920.53,"Iverryggen"
950,980,6506.4787,929.8539,"Iverryggen"
951,981,6504.76,921.65,"Iverryggen"
952,982,6503.01,921.81,"Iverryggen"
953,983,6501.9015,919.8592,"Iverryggen"
954,984,6501.83,913.59,"Iverryggen"
955,985,6459.71,915.4,"Iverryggen"
956,986,6459.06,924.27,"Iverryggen"
957,987,6457.48,907.13,"Iverryggen"
958,988,6453.31,909.29,"Iverryggen"
959,989,6454.52,925.87,"Iverryggen"
960,990,6408.41,811.5,"Sula revet"
961,991,6410.23,805.43,"Sula revet"
962,992,6417.92,753,"Sula revet"
963,993,6409.29,748.79,"Sula revet"
964,994,6403.44,751.11,"Sula revet"
965,995,6401.69,732.76,"Sula revet"
966,996,6356.23,739.22,"Sula revet"
967,997,6354.24,748.11,"Sula revet"
968,998,6355.86,753.79,"Sula revet"
968,999,6356.04,753.33,"Sula revet"
969,1000,6439.5602,606.025,"Storegga"
970,1001,6442.4419,553.7159,"Storegga"
971,1002,6442.87,540.87,"Storegga"
972,1003,6438.7008,534.0274,"Storegga"
973,1004,6434.32,540.41,"Storegga"
974,1005,6432.27,541.12,"Storegga"
975,1006,6433.754,548.8146,"Storegga"
976,1007,6437.12,556.29,"Storegga"
977,1008,6430.25,555.73,"Storegga"
978,1009,6323.3,651.88,"Mørebanken"
978,1010,6323.32,650.78,"Mørebanken"
979,1011,6308.21,629.52,"Mørebanken"
980,1012,6312.62,622.73,"Mørebanken"
981,1013,6312.61,609.61,"Mørebanken"
982,1014,6310.21,555.91,"Mørebanken"
983,1015,6303.99,601.89,"Mørebanken"
984,1016,6304.88,546.6,"Mørebanken"
985,1017,6256.27,550.02,"Mørebanken"
986,1018,6252.65,543.39,"Mørebanken"
987,1019,6255.59,534.92,"Mørebanken"
988,1020,6249.44,523.55,"Mørebanken"
989,1021,6245.21,514.69,"Mørebanken"
990,1022,6240.43,505.08,"Mørebanken"
991,1023,6238.11,508.41,"Mørebanken"
992,1024,6234.59,512.57,"Mørebanken"
993,1025,6235.34,517.1,"Mørebanken"
994,1026,6231.98,518.31,"Mørebanken"
995,1027,6231.61,521.88,"Mørebanken"
996,1028,6230.07,531.67,"Mørebanken"
997,1029,6230.84,536.77,"Mørebanken"
998,1030,6240.12,544.81,"Mørebanken"
999,1031,6239.78,553.98,"Mørebanken"
1000,1032,6244.97,553.02,"Mørebanken"
1001,1033,6248.47,601.53,"Mørebanken"
1002,1034,6250.1,608.03,"Mørebanken"
1003,1035,6251.81,603.76,"Mørebanken"
1004,1036,6254.32,606.31,"Mørebanken"
1005,1037,6253.57,609.69,"Mørebanken"
1006,1038,6256.34,613.61,"Mørebanken"
1007,1039,6254.42,622.09,"Mørebanken"
1008,1040,6257.63,622.84,"Mørebanken"
1009,1041,6259.36,631.65,"Mørebanken"
1010,1042,6256.9,638.92,"Mørebanken"
1011,1043,6258.51,641.77,"Mørebanken"
1012,1044,6300.2,646.47,"Mørebanken"
1012,1045,6300.2,646.48,"Mørebanken"
1013,1046,6318.7683,640.3877,"Mørebanken"
1014,1047,6303.17,650.37,"Mørebanken"
1015,1048,6306.17,641.77,"Mørebanken"
1016,1049,6303.65,631.89,"Mørebanken"
1017,1050,6302.67,618.28,"Mørebanken"
1018,1051,6256.5669,600.2312,"Mørebanken"
1019,1052,6314.35,554.35,"Mørebanken"
1020,1053,6308.3,548.21,"Mørebanken"
1021,1054,6310.11,536.52,"Ytre Mørebanken"
1022,1055,6304.63,526.59,"Ytre Mørebanken"
1023,1056,6300.48,531.74,"Ytre Mørebanken"
1024,1057,6253.53,516.31,"Ytre Mørebanken"
1025,1058,6300.33,515.62,"Ytre Mørebanken"
1026,1059,6305.59,513.33,"Ytre Mørebanken"
1027,1060,6300.3,504.33,"Ytre Mørebanken"
1028,1061,6253.8506,504.9047,"Ytre Mørebanken"
1029,1062,6253.62,453.45,"Ytre Mørebanken"
1030,1063,6255.91,447.87,"Ytre Mørebanken"
1031,1064,6252.98,439.38,"Ytre Mørebanken"
1032,1065,6249.3859,434.1284,"Ytre Mørebanken"
1033,1066,6248.5061,440.5311,"Ytre Mørebanken"
1034,1067,6244.95,445.75,"Ytre Mørebanken"
1035,1068,6245.82,455.29,"Ytre Mørebanken"
1036,1069,6238.99,452.22,"Mørebanken"
1037,1070,6240.19,439.55,"Ytre Mørebanken"
1038,1071,6243.03,433.32,"Ytre Mørebanken"
1039,1072,6244.38,420.67,"Ytre Mørebanken"
1040,1073,6238.39,429.96,"Ytre Mørebanken"
1041,1074,6234.52,440.36,"Mørebanken"
1042,1075,6233.15,432.22,"Mørebanken"
1043,1076,6233.47,419.77,"Ytre Mørebanken"
1044,1077,6228.7161,427.2627,"Mørebanken"
1045,1078,6227.4,437.29,"Mørebanken"
1046,1079,6222.6912,426.9925,"Mørebanken"
1047,1080,6219.6288,441.2553,"Mørebanken"
1048,1081,6224.17,443.75,"Mørebanken"
1049,1082,6229.73,448.88,"Mørebanken"
1050,1083,6227.31,458.18,"Mørebanken"
1051,1084,6221.9,456.29,"Mørebanken"
1052,1085,6218.17,450.58,"Mørebanken"
1053,1086,6216.3445,500.3932,"Mørebanken"
1054,1087,6218.58,510.1,"Mørebanken"
1055,1088,6224.5704,505.3847,"Mørebanken"
1056,1089,6223.78,520.93,"Mørebanken"
1057,1090,6227.91,522.83,"Mørebanken"
1058,1091,6229.69,507.63,"Mørebanken"
1059,1092,6239.68,516.69,"Mørebanken"
1060,1093,6236.75,528.31,"Mørebanken"
1061,1094,6245.47,531.43,"Mørebanken"
1062,1095,6247.99,546.69,"Mørebanken"
1066,1096,6227,554.38,"Møre - Godøy"
1066,1097,6226.66,554.66,"Møre - Godøy"
1066,1098,6227.06,554.92,"Møre - Godøy"
1066,1099,6226.86,555.03,"Møre - Godøy"
1066,1100,6226.97,553,"Møre - Godøy"
1072,1101,6243,658,"Møre - Julsundet"
1072,1102,6243.1429,658.8872,"Møre - Julsundet"
1073,1103,6246.26,655.4,"Møre - Julsundet"
1073,1104,6246.38,655.94,"Møre - Julsundet"
1073,1105,6246.18,656.29,"Møre - Julsundet"
1073,1106,6246.3,656.53,"Møre - Julsundet"
1074,1107,6244.8866,657.3097,"Møre - Julsundet"
1075,1108,6243.44,658.11,"Møre - Julsundet"
1076,1109,6601.7913,625.1689,"Skjoldryggen"
1077,1110,6605.5029,636.0486,"Skjoldryggen"
1078,1111,6609.2136,630.8933,"Skjoldryggen"
1079,1112,6607.9324,644.8978,"Skjoldryggen"
1080,1113,6612.2229,659.803,"Skjoldryggen"
1081,1114,6614.7779,641.8573,"Skjoldryggen"
1082,1115,6618.4518,638.3844,"Skjoldryggen"
1083,1116,6617.6595,627.4386,"Skjoldryggen"
1084,1117,6621.1625,622.7057,"Skjoldryggen"
1085,1118,6623.0511,619.4551,"Skjoldryggen"
1086,1119,6616.0734,617.2849,"Skjoldryggen"
1086,1120,6616.073,617.2812,"Skjoldryggen"
1087,1121,6613.1093,616.4554,"Skjoldryggen"
9881,1122,6609.007,615.5283,"TEST"
1088,1122,6609.007,615.5283,"Skjoldryggen"
1089,1123,6612.2464,603.6249,"Skjoldryggen"
1090,1124,6609.8472,558.7312,"Skjoldryggen"
1091,1125,6605.2512,607.3103,"Skjoldryggen"
1092,1126,6603.7616,556.8796,"Skjoldryggen"
1093,1127,6557.1647,550.4679,"Skjoldryggen"
1094,1128,6554.2259,605.9622,"Skjoldryggen"
1095,1129,6556.0126,616.6096,"Skjoldryggen"
1096,1130,6556.4538,630.9431,"Skjoldryggen"
1097,1131,6551.1355,626.5849,"Skjoldryggen"
1098,1132,6545.7794,625.3058,"Skjoldryggen"
1099,1133,6542.4205,613.0769,"Skjoldryggen"
1100,1134,6547.812,616.3534,"Skjoldryggen"
1101,1135,6549.4938,606.676,"Skjoldryggen"
1102,1136,6544.2612,559.6542,"Skjoldryggen"
1103,1137,6544.9455,553.0455,"Skjoldryggen"
1104,1138,6549.858,554.2746,"Skjoldryggen"
1105,1139,6550.8319,545.5546,"Skjoldryggen"
1106,1140,6536.2592,618.8484,"Skjoldryggen"
1107,1141,6538.4886,602.9058,"Skjoldryggen"
1108,1142,6540.3916,555.7874,"Skjoldryggen"
1109,1143,6537.5448,545.5845,"Skjoldryggen"
1110,1144,6540.247,542.001,"Skjoldryggen"
1111,1145,6542.1574,544.3835,"Skjoldryggen"
1112,1146,6545.7073,534.9612,"Skjoldryggen"
1113,1147,6542.1914,532.4288,"Skjoldryggen"
1114,1148,6537.7106,534.8955,"Skjoldryggen"
1115,1149,6533.1657,531.0543,"Skjoldryggen"
1116,1150,6530.3583,544.6821,"Skjoldryggen"
1117,1151,6534.907,559.4862,"Skjoldryggen"
1118,1152,6533.2029,606.5593,"Skjoldryggen"
1119,1153,6530.319,617.2822,"Skjoldryggen"
1120,1154,6523.0008,619.796,"Skjoldryggen"
1121,1155,6524.8041,612.1316,"Skjoldryggen"
1122,1156,6526.1842,607.2203,"Skjoldryggen"
1123,1157,6528.1641,555.5594,"Skjoldryggen"
1124,1158,6523.208,546.9701,"Skjoldryggen"
1125,1159,6521.7467,532.8441,"Skjoldryggen"
1126,1160,6517.088,538.1712,"Skjoldryggen"
1127,1161,6518.9451,550.2505,"Skjoldryggen"
1128,1162,6520.3538,604.1818,"Skjoldryggen"
1129,1163,6516.8608,617.4252,"Skjoldryggen"
1130,1164,6513.8586,617.1677,"Skjoldryggen"
1131,1165,6510.9518,617.2006,"Skjoldryggen"
1132,1166,6514.0395,604.8222,"Skjoldryggen"
1133,1167,6510.5513,555.9852,"Skjoldryggen"
1134,1168,6514.6816,546.0701,"Skjoldryggen"
1134,1169,6514.8024,545.2093,"Skjoldryggen"
1135,1170,6510.1157,532.4962,"Skjoldryggen"
1136,1171,7228.1189,3220.0212,"BARENTSHAVET - TOO"
1137,1172,7235.0186,3223.1993,"BARENTSHAVET - TOO"
1138,1173,7220.27,3229.79,"BARENTSHAVET - TOO"
1139,1174,7218.52,3220.22,"BARENTSHAVET - TOO"
1140,1175,7215.3863,3257.9098,"BARENTSHAVET - TOO"
1141,1176,7215.41,3331.43,"BARENTSHAVET - TOO"
1142,1177,7214.43,3357.46,"BARENTSHAVET - TOO"
1143,1178,7218.49,3416.72,"BARENTSHAVET - TOO"
1144,1179,7220.45,3438.65,"BARENTSHAVET - TOO"
1145,1180,7207.8275,3428.9114,"BARENTSHAVET - TOO"
1146,1181,7206.42,3419.97,"BARENTSHAVET - TOO"
1147,1182,7156.4694,3412.6358,"BARENTSHAVET - TOO"
1148,1183,7155.86,3359.35,"BARENTSHAVET - TOO"
1149,1184,7202.1891,3333.8669,"BARENTSHAVET - TOO"
1150,1185,7206.004,3341.9042,"BARENTSHAVET - TOO"
1151,1186,7205.2993,3314.3961,"BARENTSHAVET - TOO"
1152,1187,7210.9841,3247.6534,"BARENTSHAVET - TOO"
1153,1188,7212.4996,3211.1242,"BARENTSHAVET - TOO"
1154,1189,7206.33,3213.62,"BARENTSHAVET - TOO"
1155,1190,7204.9138,3234.6888,"BARENTSHAVET - TOO"
1156,1191,7203.8216,3251.4967,"BARENTSHAVET - TOO"
1157,1192,7159.2,3304.73,"BARENTSHAVET - TOO"
1158,1193,7154.4537,3326.5692,"BARENTSHAVET - TOO"
1159,1194,7152.659,3342.1164,"BARENTSHAVET - TOO"
1160,1195,7149.3033,3339.1727,"BARENTSHAVET - TOO"
1161,1196,7147.9275,3343.8021,"BARENTSHAVET - TOO"
1162,1197,7144.76,3351.52,"BARENTSHAVET - TOO"
1163,1198,7144.0406,3342.6143,"BARENTSHAVET - TOO"
1164,1199,7140.77,3342.85,"BARENTSHAVET - TOO"
1165,1200,7146.8263,3331.8552,"BARENTSHAVET - TOO"
1166,1201,7147.86,3308.52,"BARENTSHAVET - TOO"
1167,1202,7151.4,3317.67,"BARENTSHAVET - TOO"
1168,1203,7150.3418,3248.0961,"BARENTSHAVET - TOO"
1169,1204,7154.81,3245.35,"BARENTSHAVET - TOO"
1170,1205,7156.51,3246.45,"BARENTSHAVET - TOO"
1171,1206,7156.36,3217.68,"BARENTSHAVET - TOO"
1172,1207,7200.82,3208.39,"BARENTSHAVET - TOO"
1173,1208,7148.3169,3203.2753,"BARENTSHAVET - TOO"
1174,1209,7137.1759,3214.3694,"BARENTSHAVET - TOO"
1175,1210,7134.7665,3228.8399,"BARENTSHAVET - TOO"
1176,1211,7143.6619,3229.9982,"BARENTSHAVET - TOO"
1177,1212,7144.55,3257.45,"BARENTSHAVET - TOO"
1178,1213,7144.3585,3308.638,"BARENTSHAVET - TOO"
1179,1214,7141.48,3301.52,"BARENTSHAVET - TOO"
1180,1215,7137.21,3259.2,"BARENTSHAVET - TOO"
1181,1216,7141.15,3318.25,"BARENTSHAVET - TOO"
1182,1217,7138.4822,3327.6006,"BARENTSHAVET - TOO"
1183,1218,7136.2361,3328.3289,"BARENTSHAVET - TOO"
1184,1219,7134.46,3338.05,"BARENTSHAVET - TOO"
1185,1220,7131.5416,3323.4348,"BARENTSHAVET - TOO"
1186,1221,7125.58,3250.94,"BARENTSHAVET - TOO"
1187,1222,7132.4529,3259.468,"BARENTSHAVET - TOO"
1188,1223,7130.58,3304.91,"BARENTSHAVET - TOO"
1189,1224,7125.67,3313,"BARENTSHAVET - TOO"
1190,1225,7120.56,3324.48,"BARENTSHAVET - TOO"
1191,1226,7125.17,3228.86,"BARENTSHAVET - TOO"
1192,1227,7117.8437,3239.2135,"BARENTSHAVET - TOO"
1193,1228,7115.3556,3301.497,"BARENTSHAVET - TOO"
1194,1229,7107.9725,3252.8575,"BARENTSHAVET - TOO"
1195,1230,7109.52,3234.87,"BARENTSHAVET - TOO"
1196,1231,7111.6455,3215.312,"BARENTSHAVET - TOO"
1197,1232,7105.29,3217.95,"BARENTSHAVET - TOO"
1198,1233,7058.4349,3207.7557,"BARENTSHAVET - TOO"
1199,1234,7057.78,3244.81,"BARENTSHAVET - TOO"
1200,1235,7051.86,3230.76,"BARENTSHAVET - TOO"
1201,1236,7047.57,3232.23,"BARENTSHAVET - TOO"
1202,1237,7047.4692,3214.1345,"BARENTSHAVET - TOO"
1203,1238,7043.4295,3210.7505,"BARENTSHAVET - TOO"
1204,1239,7038.046,3209.6898,"BARENTSHAVET - TOO"
1205,1240,7034.5178,3216.7796,"BARENTSHAVET - TOO"
1206,1241,7029.7626,3207.8585,"BARENTSHAVET - TOO"
1207,1242,7024.08,3210.44,"BARENTSHAVET - TOO"
1208,1243,7022.6567,3205.3184,"BARENTSHAVET - TOO"
1209,1244,7049.81,3032.99,"Finnmark Øst"
1210,1245,7042,3030.75,"Finnmark Øst"
1211,1246,7043.15,3036.67,"Finnmark Øst"
1212,1247,7042.09,3047.22,"Finnmark Øst"
1213,1248,7046.65,3044.54,"Finnmark Øst"
1214,1249,7038.228,3053.4949,"Finnmark Øst"
1215,1250,7035.62,3105.28,"Finnmark Øst"
1216,1251,7034.82,3114.64,"Finnmark Øst"
1217,1252,7027.639,3118.0035,"Finnmark Øst"
1218,1253,7035.27,3052.75,"Finnmark Øst"
1219,1254,7028.21,3134.94,"Finnmark Østøst"
1220,1255,7024.05,3123.52,"Finnmark Østøst"
1221,1256,7018.6,3119.2,"Finnmark Østøst"
1222,1257,7012.86,3116.94,"Finnmark Østøst"
1223,1258,7017.36,3130.31,"Finnmark Østøst"
1224,1259,7022.78,3135.11,"Finnmark Østøst"
1225,1260,7028.46,3143.47,"Finnmark Østøst"
1226,1261,7026.3,3147.21,"Finnmark Østøst"
1227,1262,7015.81,3136.72,"Finnmark Østøst"
1228,1263,7011.42,3137.3,"Finnmark Østøst"
1229,1264,7013.11,3133.23,"Finnmark Østøst"
1222,1265,7012.6045,3117.8146,"Finnmark Østøst"
1230,1266,7007.27,3120.37,"Finnmark Østøst"
1231,1267,7008.39,3125.43,"Finnmark Østøst"
1232,1268,7004.59,3111.72,"Finnmark Østøst"
1233,1269,6229.03,309.7,"Aktivneset - Eggakanten"
1234,1270,6232.53,320,"Aktivneset - Eggakanten"
1235,1271,6236.45,307.82,"Aktivneset - Eggakanten"
1236,1272,6240.43,328,"Aktivneset - Eggakanten"
1236,1273,6240.48,327.76,"Aktivneset - Eggakanten"
1237,1274,6243.18,316.98,"Aktivneset - Eggakanten"
1238,1275,6245.06,303.78,"Aktivneset - Eggakanten"
1239,1276,6247.26,333.15,"Aktivneset - Eggakanten"
1240,1277,6246.37,341.55,"Aktivneset - Eggakanten"
1241,1278,6240.56,337.03,"Aktivneset - Eggakanten"
1242,1279,6237.24,342.73,"Aktivneset - Eggakanten"
1243,1280,6235.77,333.54,"Aktivneset - Eggakanten"
1244,1281,6229.01,330.67,"Aktivneset - Eggakanten"
1245,1282,6229.12,341.91,"Aktivneset - Eggakanten"
1246,1283,6232.88,348.81,"Aktivneset - Eggakanten"
1247,1284,6230.85,412.87,"Aktivneset - Eggakanten"
1248,1285,6235.8094,358.7508,"Aktivneset - Eggakanten"
1249,1286,6239.44,411.04,"Aktivneset - Eggakanten"
1250,1287,6241.11,401.72,"Aktivneset - Korallneset
"
1251,1288,6243.49,351.6,"Aktivneset - Eggakanten"
1252,1289,6245.86,402.94,"Aktivneset - Eggakanten"
1253,1290,6250.69,359.25,"Aktivneset - Eggakanten"
1254,1291,6250,406.75,"Ytre Mørebanken - Eggakanten"
1254,1292,6249.99,406.75,"Ytre Mørebanken - Eggakanten"
1255,1293,6245.49,414.4,"Ytre Mørebanken - Eggakanten"
1256,1294,6249.12,419.37,"Ytre Mørebanken - Eggakanten"
1257,1295,6253.18,417.93,"Ytre Mørebanken - Eggakanten"
1258,1296,6253.37,431.93,"Ytre Mørebanken - Eggakanten"
1258,1297,6253.04,431.46,"Ytre Mørebanken - Eggakanten"
1259,1298,6258.48,430.65,"Ytre Mørebanken - Eggakanten"
1260,1299,6258.53,441.48,"Ytre Mørebanken - Eggakanten"
1261,1300,6302.24,440.86,"Ytre Mørebanken - Eggakanten"
1262,1301,6302.78,452.86,"Ytre Mørebanken - Eggakanten"
1263,1302,6309.21,445.67,"Ytre Mørebanken - Eggakanten"
1264,1303,6306.96,452.5,"Ytre Mørebanken - Eggakanten"
1265,1304,6306.56,502.95,"Ytre Mørebanken - Eggakanten"
1266,1305,6313.43,520.2,"Ytre Mørebanken - Eggakanten"
1267,1306,6310.98,513.57,"Ytre Mørebanken - Eggakanten"
1268,1307,6309.03,504.29,"Ytre Mørebanken - Eggakanten"
1269,1308,6312.04,503.29,"Ytre Mørebanken - Eggakanten"
1270,1309,6316.18,503.89,"Ytre Mørebanken - Eggakanten"
1271,1310,6318.94,504.96,"Ytre Mørebanken - Eggakanten"
1272,1311,6315.91,513.19,"Ytre Mørebanken - Eggakanten"
1273,1312,6317.74,520.17,"Ytre Mørebanken - Eggakanten"
1274,1313,6321.83,515.09,"Ytre Mørebanken - Eggakanten"
1275,1314,6321.4517,521.0331,"Ytre Mørebanken - Eggakanten"
1276,1315,6318.54,527.18,"Ytre Mørebanken - Eggakanten"
1277,1316,6316.07,536.45,"Ytre Mørebanken - Eggakanten"
1278,1317,6313.83,547.17,"Ytre Mørebanken - Eggakanten"
1279,1318,6445.4,1020,"Vikna"
1280,1319,6444.25,1011.53,"Vikna"
1281,1320,6442.13,952.29,"Vikna"
1282,1321,6441.02,944.32,"Vikna"
1283,1322,6446.34,951.61,"Vikna"
1284,1323,6448.31,1006.27,"Vikna"
1285,1324,6449.33,1020.44,"Vikna"
1286,1325,6451.96,1000.77,"Vikna"
1287,1326,6453.23,1012.64,"Vikna"
1288,1327,6455.61,1023.47,"Vikna"
1289,1328,6458.5,1015.72,"Vikna"
1290,1329,6456.86,1006.19,"Vikna"
1291,1330,7104.2,2245.14,"Finnmark-Sørøya"
1292,1331,7059.7,2258.91,"Finnmark-Sørøya"
1293,1332,7100.95,2308.57,"Finnmark-Sørøya"
1294,1333,7104.23,2309.31,"Finnmark-Sørøya"
1295,1334,7105.71,2311.91,"Finnmark-Sørøya"
1296,1335,7105.56,2317.98,"Finnmark-Sørøya"
1297,1336,7105.8,2325.49,"Finnmark-Sørøya"
1298,1337,6954.22,3054.55,"Finnmark-Varangerfjorden"
1299,1338,6958.3,3059.88,"Finnmark-Varangerfjorden"
1300,1339,7002.59,3100.56,"Finnmark-Varangerfjorden"
1301,1340,7003.77,3104.81,"Finnmark-Varangerfjorden"
1302,1341,7011.58,3107.69,"Finnmark-Varangerfjorden"
1303,1342,7015.66,3104.92,"Finnmark-Varangerfjorden"
1304,1343,7013.49,3125.66,"Finnmark-Varangerfjorden"
1305,1344,7022.01,3115.6,"Finnmark-øst"
1306,1345,7028.88,3102.1,"Finnmark-øst"
1307,1346,7037.43,3030.78,"Finnmark-øst"
1308,1347,7042.1,3016.24,"Finnmark-øst"
1309,1348,7048.55,3006.29,"Finnmark-øst"
1310,1349,7051.65,3002.6,"Finnmark-øst"
1311,1350,7057.39,3007.15,"Finnmark-øst"
1312,1351,7051.5,2953.55,"Finnmark-øst"
1313,1352,7050.68,2925.13,"Finnmark-øst"
1314,1353,7054.85,2918.03,"Finnmark-øst"
1315,1354,7056.53,2902.83,"Finnmark-øst"
1316,1355,7058.73,2851.88,"Finnmark-øst"
1317,1356,7101.01,2837.68,"Finnmark-øst"
1318,1357,7057.33,2949.2,"Finnmark-øst"
1319,1358,7100.31,2945.67,"Finnmark-øst"
1320,1359,7103.24,2938.23,"Finnmark-øst"
1321,1360,7105.12,2932.18,"Finnmark-øst"
1322,1361,7104.62,2924.58,"Finnmark-øst"
1322,1362,7104.233,2924.7536,"Finnmark-øst"
1323,1363,7100.1554,2925.9194,"Finnmark-øst"
1324,1364,7112.47,2933.83,"Finnmark-øst"
1325,1365,7111.52,2918.23,"Finnmark-øst"
1326,1366,7100.47,2854.59,"Finnmark-øst"
1327,1367,7102.0845,2851.5634,"Finnmark-øst"
1328,1368,7104.17,2841.33,"Finnmark-øst"
1329,1369,7107.33,2855.71,"Finnmark-øst"
1330,1370,7111.4,2857.69,"Finnmark-øst"
1331,1371,7119.69,2911.43,"Finnmark-øst"
1332,1372,7126.41,2842.53,"Finnmark-øst"
1333,1373,7120.24,2843.65,"Finnmark-øst"
1334,1374,7115.33,2846.3,"Finnmark-øst"
1335,1375,7110.47,2838.18,"Finnmark-øst"
1336,1376,7111.61,2806.73,"Finnmark-øst"
1337,1377,6318.09,557.64,"Storneset"
1338,1378,6320.9853,545.2074,"Storneset"
1339,1379,6324.0015,535.3614,"Storneset"
1339,1380,6323.66,534.93,"Storneset"
1340,1381,6324.2987,525.6487,"Storneset"
1341,1382,6328.92,524.55,"Storneset"
1341,1383,6328.9117,524.5513,"Storneset"
1342,1384,6327.95,538.01,"Storneset"
1342,1385,6327.9472,538.0119,"Storneset"
1343,1386,6326.982,543.9129,"Storneset"
1344,1387,6325.5788,601.1975,"Storneset"
1345,1388,6330.2101,605.8296,"Storneset"
1346,1389,6332.73,547.35,"Storneset"
1347,1390,6334.95,542.46,"Storneset"
1348,1391,6333.02,533.98,"Storneset"
1349,1392,6335.61,535.14,"Storneset"
1350,1393,6338.1326,529.0314,"Storneset"
1351,1394,6341.67,528.69,"Storneset"
1352,1395,6341.4888,534.3858,"Storneset"
1353,1396,6343.29,536,"Storneset"
1354,1397,6343.12,538.48,"Storneset"
1355,1398,6342.3844,540.597,"Storneset"
1356,1399,6338.7978,547.179,"Storneset"
1357,1400,6340.73,557.04,"Storneset"
1358,1401,6337.9331,611.9477,"Storneset"
1359,1402,6343.1632,607.4972,"Storneset"
1360,1403,6344.86,549.16,"Storneset"
1361,1404,6347.2245,540.5677,"Storneset"
1362,1405,6349.5606,530.0079,"Storneset"
1363,1406,6352.5785,545.4702,"Storneset"
1364,1407,6353.5016,602.7053,"Storneset"
1365,1408,6350.6924,607.3591,"Storneset"
1366,1409,6344.02,548.4,"Storneset"
1367,1410,6343.05,547.7,"Storneset"
1368,1411,6343.9755,543.2672,"Storneset"
1369,1412,6344.2949,529.1708,"Storneset"
1370,1413,6339.42,537.18,"Storneset"
1371,1414,6339.87,548.4,"Storneset"
1372,1415,6237.7285,322.8101,"Aktivneset - Eggakanten"
1372,1416,6237.35,322.48,"Aktivneset - Eggakanten"
1372,1417,6236.9795,322.2516,"Aktivneset - Eggakanten"
1373,1418,7059.98,2327.39,"Finnmarkskysten"
1374,1419,7102.59,2333.19,"Finnmarkskysten"
1297,1420,7105.77,2326.72,"Finnmarkskysten"
1375,1421,7107.67,2333.74,"Finnmarkskysten"
1376,1422,7109.7929,2316.7456,"Finnmarkskysten"
1377,1423,7111.5826,2331.7426,"Finnmarkskysten"
1378,1424,7113.31,2340.94,"Finnmarkskysten"
1379,1425,7115.19,2348.2,"Finnmarkskysten"
1380,1426,7116.91,2356.11,"Finnmarkskysten"
1381,1427,7109.95,2351.66,"Finnmarkskysten"
1382,1428,7106.93,2353.63,"Finnmarkskysten"
1383,1429,7109.77,2422.32,"Finnmarkskysten"
1384,1430,7107.9,2445.57,"Finnmarkskysten"
1385,1431,7110.23,2520.87,"Finnmarkskysten"
1386,1432,7112.0108,2541.7979,"Finnmarkskysten"
1387,1433,7111.83,2604.2,"Finnmarkskysten"
1388,1434,7115.22,2618.82,"Finnmarkskysten"
1389,1435,7117.96,2614.42,"Finnmarkskysten"
1390,1436,7124.82,2624.96,"Finnmarkskysten"
1391,1437,7132.69,2619.81,"Finnmarkskysten"
1392,1438,7129.13,2652.56,"Finnmarkskysten"
1393,1439,7125.82,2654.26,"Finnmarkskysten"
1394,1440,7114.92,2640.71,"Finnmarkskysten"
1395,1441,7111.28,2645.54,"Finnmarkskysten"
1396,1442,7111.51,2703.87,"Finnmarkskysten"
1397,1443,7108.78,2752.95,"Finnmarkskysten"
1398,1444,7110.2,2816.68,"Finnmarkskysten"
1399,1445,7107.79,2823.09,"Finnmarkskysten"
1400,1446,7118.5147,2815.6046,"Finnmarkskysten"
1401,1447,7129.13,2817.03,"Finnmarkskysten"
1402,1448,7047.01,2947.69,"Finnmarkskysten"
1403,1449,7223.41,3312.28,"Barentshavet"
1404,1450,7227.89,3344.04,"Barentshavet"
1405,1451,7232.78,3307.36,"Barentshavet"
1406,1452,7237.39,3247.57,"Barentshavet"
1407,1453,7240.17,3314.1,"Barentshavet"
1408,1454,7237.68,3336.1,"Barentshavet"
1409,1455,7232.21,3352.83,"Barentshavet"
1410,1456,7230.32,3429.84,"Barentshavet"
1411,1457,7233.45,3501.63,"Barentshavet"
1412,1458,7244.56,3514.19,"Barentshavet"
1413,1459,7248.45,3454.15,"Barentshavet"
1414,1460,7248.87,3415.72,"Barentshavet"
1415,1461,7243.12,3437.78,"Barentshavet"
1416,1462,7236.8,3433.34,"Barentshavet"
1417,1463,7242.68,3412.37,"Barentshavet"
1418,1464,7243.89,3346.74,"Barentshavet"
1419,1465,7248.87,3311.4,"Barentshavet"
1420,1466,7253.38,3327.3,"Barentshavet"
1421,1467,7251.11,3353.92,"Barentshavet"
1422,1468,7256.02,3336.08,"Barentshavet"
1423,1469,7257.23,3312.15,"Barentshavet"
1424,1470,7256.54,3300.44,"Barentshavet"
1425,1471,7250.19,3248.3,"Barentshavet"
1426,1472,7244.9,3243.26,"Barentshavet"
1427,1473,7245.5,3216,"Barentshavet"
1428,1474,7252.47,3224.05,"Barentshavet"
1429,1475,7255.88,3230.75,"Barentshavet"
1430,1476,7300.2,3233.48,"Barentshavet"
1431,1477,7304.45,3204.08,"Barentshavet"
1432,1478,7303.4388,3218.7487,"Barentshavet"
1433,1479,7312.35,3220.86,"Barentshavet"
1434,1480,7313.74,3314.94,"Barentshavet"
1435,1481,7302.09,3326.12,"Barentshavet"
1436,1482,7307.9688,3322.2086,"Barentshavet"
1437,1483,7322.73,3249.97,"Barentshavet"
1438,1484,7326.709,3301.4952,"Barentshavet"
1439,1485,7327.81,3234.02,"Barentshavet"
1440,1486,7326.4,3216.21,"Barentshavet"
1441,1487,7333.13,3208.23,"Barentshavet"
1442,1488,7334.09,3230.25,"Barentshavet"
1443,1489,7337.04,3250.6,"Barentshavet"
1444,1490,7337.61,3231.87,"Barentshavet"
1445,1491,7342.2,3224.12,"Barentshavet"
1446,1492,7343.75,3208.06,"Barentshavet"
1447,1493,7335.19,3307.04,"Barentshavet"
1448,1494,7336.8046,3314.267,"Barentshavet"
1449,1495,7337.92,3342.17,"Barentshavet"
1450,1496,7333.52,3349.6,"Barentshavet"
1451,1497,7325.12,3356.87,"Barentshavet"
1452,1498,7322.04,3402.91,"Barentshavet"
1453,1499,7319.68,3407.08,"Barentshavet"
1454,1500,7319.23,3400.4,"Barentshavet"
1455,1501,7305.8849,3220.5242,"Barentshavet øst"
1456,1502,7307.74,3237.39,"Barentshavet øst"
1457,1503,7315.313,3244.1651,"Barentshavet øst"
1458,1504,7312.7678,3251.2669,"Barentshavet øst"
1459,1505,7308.7639,3304.8191,"Barentshavet øst"
1460,1506,7314.5754,3330.0559,"Barentshavet øst"
1461,1507,7320.8671,3331.8615,"Barentshavet øst"
1462,1508,7326.2449,3340.4329,"Barentshavet øst"
1463,1509,7321.96,3408.07,"Barentshavet øst"
1464,1510,7319.82,3424.19,"Barentshavet øst"
1465,1511,7321.0097,3421.8974,"Barentshavet øst"
1466,1512,7312.908,3419.3854,"Barentshavet øst"
1467,1513,7306.92,3343.27,"Barentshavet øst"
1468,1514,7304.86,3405.76,"Barentshavet øst"
1469,1515,7256.6074,3356.2312,"Barentshavet øst"
1470,1516,7301.9,3445.78,"Barentshavet øst"
1471,1517,7251.2375,3523.2391,"Barentshavet øst"
1472,1518,7256.5252,3524.6073,"Barentshavet øst"
1473,1519,7309.4715,3522.037,"Barentshavet øst"
1474,1520,7302.7066,3546.1007,"Barentshavet øst"
1475,1521,7316.49,3558.17,"Barentshavet øst"
1476,1522,7315.2346,3537.3666,"Barentshavet øst"
1477,1523,7317.0468,3456.7036,"Barentshavet øst"
1478,1524,7323.4427,3443.4591,"Barentshavet øst"
1479,1525,7326.5324,3429.0398,"Barentshavet øst"
1480,1526,7332.5399,3414.1671,"Barentshavet øst"
1480,1527,7332.5375,3414.1623,"Barentshavet øst"
1481,1528,7335.5315,3358.5374,"Barentshavet øst"
1482,1529,7338.43,3417.95,"Barentshavet øst"
1483,1530,7336.8238,3441.0086,"Barentshavet øst"
1483,1531,7336.82,3441,"Barentshavet øst"
1484,1532,7326.6622,3504.894,"Barentshavet øst"
1485,1533,7333.06,3528.33,"Barentshavet øst"
1486,1534,7327.8701,3537.1841,"Barentshavet øst"
1487,1535,7321.1601,3615.2629,"Barentshavet øst"
1488,1536,7326.47,3607.61,"Barentshavet øst"
1489,1537,7332.4624,3554.3997,"Barentshavet øst"
1490,1538,7339.15,3541.24,"Barentshavet øst"
1491,1539,7335.24,3622.38,"Barentshavet øst"
1492,1540,7335.94,3634.21,"Barentshavet øst"
1493,1541,7339.44,3628.3,"Barentshavet øst"
1494,1542,7342.365,3630.1894,"Barentshavet øst"
1495,1543,7339.1569,3610.0754,"Barentshavet øst"
1496,1544,7345.64,3534.28,"Barentshavet øst"
1497,1545,7341.88,3502.43,"Barentshavet Ost"
1498,1546,7344.9071,3439.4329,"Barentshavet øst"
1499,1547,7343.22,3411.09,"Barentshavet øst"
1500,1548,7346.0847,3341.5983,"Barentshavet øst"
1501,1549,7347.4522,3310.0859,"Barentshavet øst"
1502,1550,7346.6425,3251.5514,"Barentshavet øst"
1503,1551,7347.89,3235.0756,"Barentshavet øst"
1504,1552,7349.5009,3228.4325,"Barentshavet øst"
1505,1553,7353.92,3226.86,"Barentshavet øst"
1506,1554,7358.9,3247.59,"Barentshavet øst"
1507,1555,7358.7685,3256.4023,"Barentshavet øst"
1508,1556,7357.68,3306.35,"Barentshavet øst"
1509,1557,6502.4464,614.997,"Storegga"
1510,1558,6454.35,541.68,"Storegga"
1511,1559,6455.87,530.74,"Storegga"
1512,1560,6459.45,554.44,"Storegga"
1513,1561,6504.08,532.84,"Storegga"
1514,1562,6503.38,559.3,"Storegga"
1515,1563,6506.7,543.28,"Storegga"
1516,1564,6507.59,531.06,"Storegga"
1517,1565,6507.64,609.56,"Storegga"
1509,1566,6502.45,615,"Storegga"
1518,1567,6459.3,607.34,"Storegga"
1519,1568,6457.16,546.31,"Storegga"
1520,1569,6436.85,612.79,"Storegga"
1521,1570,6429.54,609.52,"Storegga"
1522,1571,6420.3646,613.8957,"Storegga"
1523,1572,6409.97,611.53,"Storegga"
1524,1573,6404.28,613.47,"Storegga"
1525,1574,6400.77,610.69,"Storegga"
1526,1575,6356.25,611.05,"Storegga"
1527,1576,6442.94,616.32,"Storegga"
1528,1577,6445.9288,609.824,"Storegga"
1529,1578,6448.98,608.82,"Storegga"
1530,1579,6450,555.07,"Storegga"
1531,1580,6450.45,543.86,"Storegga"
1532,1581,6448.06,531.52,"Storegga"
1533,1582,6450.63,532.19,"Storegga"
1534,1583,6453.8,600.68,"Storegga"
1535,1584,6454.44,618.05,"Storegga"
1536,1585,6624.92,625.75,"Nordland-Eggakanten"
1537,1586,6628.09,649.05,"Nordland-Eggakanten"
1538,1587,6631.64,638.5,"Nordland-Eggakanten"
1539,1588,6628.17,639.24,"Nordland-Eggakanten"
1540,1589,6626.3982,635.2699,"Nordland-Eggakanten"
1541,1590,6624.87,633.86,"Nordland-Eggakanten"
1542,1591,6625.23,656.11,"Nordland-Eggakanten"
1543,1592,6621.12,700.36,"Nordland-Eggakanten"
1544,1593,6618.6719,711.1469,"Nordland-Eggakanten"
1545,1594,6621.14,720.29,"Nordland-Eggakanten"
1546,1595,6627.38,722.42,"Nordland-Eggakanten"
1547,1596,6630.59,719.08,"Nordland-Eggakanten"
1548,1597,6629.84,659.52,"Nordland-Eggakanten"
1549,1598,6635.85,656.85,"Nordland-Eggakanten"
1550,1599,6638.71,657.91,"Nordland-Eggakanten"
1551,1600,6636.5,709.61,"Nordland-Eggakanten"
1552,1601,6640.24,709.85,"Nordland-Eggakanten"
1554,1602,6646.026,737.3883,"Nordland-Eggakanten"
1555,1603,6639.73,724.48,"Nordland-Eggakanten"
1553,1604,6637.83,736.74,"Nordland-Eggakanten"
1556,1605,6630.96,736.12,"Nordland-Eggakanten"
1557,1606,6628.69,745.74,"Nordland-Eggakanten"
1558,1607,6625.75,748.8,"Nordland-Eggakanten"
1559,1608,6629.47,800.65,"Nordland-Eggakanten"
1560,1609,6632.25,752.89,"Nordland-Eggakanten"
1561,1610,6636.87,752.59,"Nordland-Eggakanten"
1562,1611,6639.96,744.16,"Nordland-Eggakanten"
1563,1612,6644.46,748.55,"Nordland-Eggakanten"
1564,1613,6642.39,801.97,"Nordland-Eggakanten"
1565,1614,6633.6,814.24,"Nordland-Eggakanten"
1566,1615,6639.8788,817.5805,"Nordland-Eggakanten"
1567,1616,6644.77,805.12,"Nordland-Eggakanten"
1568,1617,6648.55,758.44,"Nordland-Eggakanten"
1569,1618,6650.76,754.04,"Nordland-Eggakanten"
1570,1619,6652.909,801.6885,"Nordland-Eggakanten"
1571,1620,6652.19,809.12,"Nordland-Eggakanten"
1572,1621,6644.32,837.33,"Nordland-Eggakanten"
1573,1622,6647.94,820.98,"Nordland-Eggakanten"
1574,1623,6650.9,827.31,"Nordland-Eggakanten"
1575,1624,6648.97,838.51,"Nordland-Eggakanten"
1576,1625,6653.6975,847.6485,"Nordland-Eggakanten"
1577,1626,6656.96,853.68,"Nordland-Eggakanten"
1578,1627,6657.7,829.89,"Nordland-Eggakanten"
1579,1628,6658.04,819.35,"Nordland-Eggakanten"
1580,1629,6658.97,801.91,"Nordland-Eggakanten"
1581,1630,6656.12,800.35,"Nordland-Eggakanten"
1564,1631,6642.35,801.52,"Nordland-Eggakanten"
1564,1632,6642.36,801.62,"Nordland-Eggakanten"
1564,1633,6642.38,801.64,"Nordland-Eggakanten"
1564,1634,6642.41,801.58,"Nordland-Eggakanten"
1564,1635,6642.42,801.61,"Nordland-Eggakanten"
